ID ANSSI;Titre ANSSI;Type;Date;CVE;CVSS;Base Severity;CWE;EPSS;Lien;Description;Éditeur;Produit;Version
CERTFR-2022-ALE-014;Multiples vulnérabilités dans AMI MegaRAC (16 décembre 2022);alerte;Fri, 16 Dec 2022 00:00:00 +0000;CVE-2022-40242;7.5;High;CWE-798;0.001370000;https://www.cert.ssi.gouv.fr/alerte/CERTFR-2022-ALE-014/;;;
CERTFR-2022-ALE-014;Multiples vulnérabilités dans AMI MegaRAC (16 décembre 2022);alerte;Fri, 16 Dec 2022 00:00:00 +0000;CVE-2022-40259;8.3;High;CWE-798;0.003020000;https://www.cert.ssi.gouv.fr/alerte/CERTFR-2022-ALE-014/;;;
CERTFR-2022-ALE-014;Multiples vulnérabilités dans AMI MegaRAC (16 décembre 2022);alerte;Fri, 16 Dec 2022 00:00:00 +0000;CVE-2022-2827;7.5;High;CWE-200;0.161080000;https://www.cert.ssi.gouv.fr/alerte/CERTFR-2022-ALE-014/;;;
CERTFR-2023-ALE-004;Vulnérabilité dans les produits Fortinet (13 juin 2023);alerte;Tue, 13 Jun 2023 00:00:00 +0000;CVE-2023-27997;9.2;Critical;CWE-122;0.899160000;https://www.cert.ssi.gouv.fr/alerte/CERTFR-2023-ALE-004/;;;
CERTFR-2023-ALE-005;Synthèse sur l'exploitation d'une vulnérabilité dans MOVEit Transfer (05 juillet 2023);alerte;Wed, 05 Jul 2023 00:00:00 +0000;CVE-2023-34362;;Inconnu;Non disponible;0.942540000;https://www.cert.ssi.gouv.fr/alerte/CERTFR-2023-ALE-005/;;;
CERTFR-2023-ALE-005;Synthèse sur l'exploitation d'une vulnérabilité dans MOVEit Transfer (05 juillet 2023);alerte;Wed, 05 Jul 2023 00:00:00 +0000;CVE-2023-35036;;Inconnu;Non disponible;0.343310000;https://www.cert.ssi.gouv.fr/alerte/CERTFR-2023-ALE-005/;;;
CERTFR-2023-ALE-005;Synthèse sur l'exploitation d'une vulnérabilité dans MOVEit Transfer (05 juillet 2023);alerte;Wed, 05 Jul 2023 00:00:00 +0000;CVE-2023-35708;;Inconnu;Non disponible;0.293630000;https://www.cert.ssi.gouv.fr/alerte/CERTFR-2023-ALE-005/;;;
CERTFR-2023-ALE-006;Vulnérabilité dans les produits Microsoft (12 juillet 2023);alerte;Wed, 12 Jul 2023 00:00:00 +0000;CVE-2023-36884;7.5;High;CWE-362;0.932200000;https://www.cert.ssi.gouv.fr/alerte/CERTFR-2023-ALE-006/;;;
CERTFR-2023-ALE-007;[MàJ] Vulnérabilité dans Zimbra Collaboration Suite (17 juillet 2023);alerte;Mon, 17 Jul 2023 00:00:00 +0000;CVE-2023-37580;;Inconnu;Non disponible;0.939180000;https://www.cert.ssi.gouv.fr/alerte/CERTFR-2023-ALE-007/;;;
CERTFR-2023-ALE-008;[MàJ] Vulnérabilité dans Citrix NetScaler ADC et NetScaler Gateway (19 juillet 2023);alerte;Wed, 19 Jul 2023 00:00:00 +0000;CVE-2023-3519;9.8;Critical;CWE-94;0.939930000;https://www.cert.ssi.gouv.fr/alerte/CERTFR-2023-ALE-008/;;;
CERTFR-2023-ALE-009;[MàJ] Multiples vulnérabilités dans Ivanti Endpoint Manager Mobile (26 juillet 2023);alerte;Wed, 26 Jul 2023 00:00:00 +0000;CVE-2023-35081;7.2;High;Non disponible;0.927550000;https://www.cert.ssi.gouv.fr/alerte/CERTFR-2023-ALE-009/;;;
CERTFR-2023-ALE-009;[MàJ] Multiples vulnérabilités dans Ivanti Endpoint Manager Mobile (26 juillet 2023);alerte;Wed, 26 Jul 2023 00:00:00 +0000;CVE-2023-35082;10;Critical;Non disponible;0.944230000;https://www.cert.ssi.gouv.fr/alerte/CERTFR-2023-ALE-009/;;;
CERTFR-2023-ALE-009;[MàJ] Multiples vulnérabilités dans Ivanti Endpoint Manager Mobile (26 juillet 2023);alerte;Wed, 26 Jul 2023 00:00:00 +0000;CVE-2023-35078;10;Critical;Non disponible;0.944820000;https://www.cert.ssi.gouv.fr/alerte/CERTFR-2023-ALE-009/;;;
CERTFR-2023-ALE-010;Multiples vulnérabilités dans Exim (02 octobre 2023);alerte;Mon, 02 Oct 2023 00:00:00 +0000;CVE-2023-42118;7.5;High;CWE-191;0.030140000;https://www.cert.ssi.gouv.fr/alerte/CERTFR-2023-ALE-010/;;;
CERTFR-2023-ALE-010;Multiples vulnérabilités dans Exim (02 octobre 2023);alerte;Mon, 02 Oct 2023 00:00:00 +0000;CVE-2023-42116;8.1;High;CWE-121;0.067340000;https://www.cert.ssi.gouv.fr/alerte/CERTFR-2023-ALE-010/;;;
CERTFR-2023-ALE-010;Multiples vulnérabilités dans Exim (02 octobre 2023);alerte;Mon, 02 Oct 2023 00:00:00 +0000;CVE-2023-42115;9.8;Critical;CWE-787;0.729040000;https://www.cert.ssi.gouv.fr/alerte/CERTFR-2023-ALE-010/;;;
CERTFR-2023-ALE-010;Multiples vulnérabilités dans Exim (02 octobre 2023);alerte;Mon, 02 Oct 2023 00:00:00 +0000;CVE-2023-42117;8.1;High;CWE-138;0.073500000;https://www.cert.ssi.gouv.fr/alerte/CERTFR-2023-ALE-010/;;;
CERTFR-2023-ALE-010;Multiples vulnérabilités dans Exim (02 octobre 2023);alerte;Mon, 02 Oct 2023 00:00:00 +0000;CVE-2023-42119;3.1;Low;CWE-125;0.007310000;https://www.cert.ssi.gouv.fr/alerte/CERTFR-2023-ALE-010/;;;
CERTFR-2023-ALE-010;Multiples vulnérabilités dans Exim (02 octobre 2023);alerte;Mon, 02 Oct 2023 00:00:00 +0000;CVE-2023-42114;3.7;Low;CWE-125;0.138950000;https://www.cert.ssi.gouv.fr/alerte/CERTFR-2023-ALE-010/;;;
CERTFR-2023-ALE-011;[MàJ] Multiples vulnérabilités dans Cisco IOS XE (17 octobre 2023);alerte;Tue, 17 Oct 2023 00:00:00 +0000;CVE-2023-20198;10;Critical;CWE-420;0.940690000;https://www.cert.ssi.gouv.fr/alerte/CERTFR-2023-ALE-011/;;;
CERTFR-2023-ALE-011;[MàJ] Multiples vulnérabilités dans Cisco IOS XE (17 octobre 2023);alerte;Tue, 17 Oct 2023 00:00:00 +0000;CVE-2023-20273;7.2;High;CWE-78;0.925020000;https://www.cert.ssi.gouv.fr/alerte/CERTFR-2023-ALE-011/;;;
CERTFR-2023-ALE-012;[MàJ] Vulnérabilité dans Citrix NetScaler ADC et NetScaler Gateway (23 octobre 2023);alerte;Mon, 23 Oct 2023 00:00:00 +0000;CVE-2023-4966;9.4;Critical;CWE-119;0.943480000;https://www.cert.ssi.gouv.fr/alerte/CERTFR-2023-ALE-012/;;;
CERTFR-2023-ALE-013;Vulnérabilité dans Apache Struts 2 (13 décembre 2023);alerte;Wed, 13 Dec 2023 00:00:00 +0000;CVE-2023-50164;;Inconnu;CWE-552;0.936470000;https://www.cert.ssi.gouv.fr/alerte/CERTFR-2023-ALE-013/;;;
CERTFR-2024-ALE-001;[MàJ] Multiples vulnérabilités dans Ivanti Connect Secure et Policy Secure Gateways (11 janvier 2024);alerte;Thu, 11 Jan 2024 00:00:00 +0000;CVE-2023-46805;8.2;High;Non disponible;0.943670000;https://www.cert.ssi.gouv.fr/alerte/CERTFR-2024-ALE-001/;;;
CERTFR-2024-ALE-001;[MàJ] Multiples vulnérabilités dans Ivanti Connect Secure et Policy Secure Gateways (11 janvier 2024);alerte;Thu, 11 Jan 2024 00:00:00 +0000;CVE-2024-21887;9.1;Critical;Non disponible;0.944120000;https://www.cert.ssi.gouv.fr/alerte/CERTFR-2024-ALE-001/;;;
CERTFR-2024-ALE-001;[MàJ] Multiples vulnérabilités dans Ivanti Connect Secure et Policy Secure Gateways (11 janvier 2024);alerte;Thu, 11 Jan 2024 00:00:00 +0000;CVE-2024-21893;8.2;High;Non disponible;0.943190000;https://www.cert.ssi.gouv.fr/alerte/CERTFR-2024-ALE-001/;;;
CERTFR-2024-ALE-001;[MàJ] Multiples vulnérabilités dans Ivanti Connect Secure et Policy Secure Gateways (11 janvier 2024);alerte;Thu, 11 Jan 2024 00:00:00 +0000;CVE-2024-21888;8.8;High;Non disponible;0.640040000;https://www.cert.ssi.gouv.fr/alerte/CERTFR-2024-ALE-001/;;;
CERTFR-2024-ALE-001;[MàJ] Multiples vulnérabilités dans Ivanti Connect Secure et Policy Secure Gateways (11 janvier 2024);alerte;Thu, 11 Jan 2024 00:00:00 +0000;CVE-2024-22024;8.3;High;Non disponible;0.942490000;https://www.cert.ssi.gouv.fr/alerte/CERTFR-2024-ALE-001/;;;
CERTFR-2024-ALE-002;[MàJ] Multiples Vulnérabilités dans GitLab (12 janvier 2024);alerte;Fri, 12 Jan 2024 00:00:00 +0000;CVE-2024-0402;9.9;Critical;CWE-22;0.393120000;https://www.cert.ssi.gouv.fr/alerte/CERTFR-2024-ALE-002/;;;
CERTFR-2024-ALE-002;[MàJ] Multiples Vulnérabilités dans GitLab (12 janvier 2024);alerte;Fri, 12 Jan 2024 00:00:00 +0000;CVE-2023-7028;10;Critical;CWE-640;0.936040000;https://www.cert.ssi.gouv.fr/alerte/CERTFR-2024-ALE-002/;;;
CERTFR-2024-ALE-003;[MàJ] Incident affectant les solutions AnyDesk (05 février 2024);alerte;Mon, 05 Feb 2024 00:00:00 +0000;;;;;;https://www.cert.ssi.gouv.fr/alerte/CERTFR-2024-ALE-003/;;;
CERTFR-2024-ALE-004;[MàJ] Vulnérabilité dans Fortinet FortiOS (09 février 2024);alerte;Fri, 09 Feb 2024 00:00:00 +0000;CVE-2024-21762;9.6;Critical;CWE-787;0.929410000;https://www.cert.ssi.gouv.fr/alerte/CERTFR-2024-ALE-004/;;;
CERTFR-2024-ALE-005;[MàJ] Vulnérabilité dans Microsoft Outlook (15 février 2024);alerte;Thu, 15 Feb 2024 00:00:00 +0000;CVE-2024-21413;9.8;Critical;CWE-20;0.933850000;https://www.cert.ssi.gouv.fr/alerte/CERTFR-2024-ALE-005/;;;
CERTFR-2024-ALE-006;[MàJ] Vulnérabilité dans Palo Alto Networks GlobalProtect (12 avril 2024);alerte;Fri, 12 Apr 2024 00:00:00 +0000;CVE-2024-3400;10;Critical;CWE-77;0.942970000;https://www.cert.ssi.gouv.fr/alerte/CERTFR-2024-ALE-006/;;;
CERTFR-2024-ALE-007;Multiples vulnérabilités dans les produits Cisco (25 avril 2024);alerte;Thu, 25 Apr 2024 00:00:00 +0000;CVE-2024-20353;8.6;High;CWE-835;0.195360000;https://www.cert.ssi.gouv.fr/alerte/CERTFR-2024-ALE-007/;;;
CERTFR-2024-ALE-007;Multiples vulnérabilités dans les produits Cisco (25 avril 2024);alerte;Thu, 25 Apr 2024 00:00:00 +0000;CVE-2024-20359;6;Medium;CWE-94;0.001880000;https://www.cert.ssi.gouv.fr/alerte/CERTFR-2024-ALE-007/;;;
CERTFR-2024-ALE-008;[MàJ] Vulnérabilité dans les produits Check Point  (30 mai 2024);alerte;Thu, 30 May 2024 00:00:00 +0000;CVE-2024-24919;8.6;High;CWE-200;0.943420000;https://www.cert.ssi.gouv.fr/alerte/CERTFR-2024-ALE-008/;;;
CERTFR-2024-ALE-009;Vulnérabilité dans OpenSSH (01 juillet 2024);alerte;Mon, 01 Jul 2024 00:00:00 +0000;CVE-2024-6387;8.1;High;CWE-364;0.507890000;https://www.cert.ssi.gouv.fr/alerte/CERTFR-2024-ALE-009/;;;
CERTFR-2024-ALE-010;Multiples vulnérabilités dans Roundcube (09 août 2024);alerte;Fri, 09 Aug 2024 00:00:00 +0000;CVE-2024-42008;;Inconnu;Non disponible;0.596990000;https://www.cert.ssi.gouv.fr/alerte/CERTFR-2024-ALE-010/;;;
CERTFR-2024-ALE-010;Multiples vulnérabilités dans Roundcube (09 août 2024);alerte;Fri, 09 Aug 2024 00:00:00 +0000;CVE-2024-42009;;Inconnu;Non disponible;0.904390000;https://www.cert.ssi.gouv.fr/alerte/CERTFR-2024-ALE-010/;;;
CERTFR-2024-ALE-010;Multiples vulnérabilités dans Roundcube (09 août 2024);alerte;Fri, 09 Aug 2024 00:00:00 +0000;CVE-2024-42010;;Inconnu;Non disponible;0.180530000;https://www.cert.ssi.gouv.fr/alerte/CERTFR-2024-ALE-010/;;;
CERTFR-2024-ALE-011;Vulnérabilité dans SonicWall (10 septembre 2024);alerte;Tue, 10 Sep 2024 00:00:00 +0000;CVE-2024-40766;;Inconnu;CWE-284;0.070430000;https://www.cert.ssi.gouv.fr/alerte/CERTFR-2024-ALE-011/;;;
CERTFR-2024-ALE-012;[MàJ] Vulnérabilités affectant OpenPrinting CUPS (27 septembre 2024);alerte;Fri, 27 Sep 2024 00:00:00 +0000;CVE-2024-47176;5.3;Medium;CWE-1327;0.875930000;https://www.cert.ssi.gouv.fr/alerte/CERTFR-2024-ALE-012/;;;
CERTFR-2024-ALE-012;[MàJ] Vulnérabilités affectant OpenPrinting CUPS (27 septembre 2024);alerte;Fri, 27 Sep 2024 00:00:00 +0000;CVE-2024-47076;8.6;High;CWE-20;0.738750000;https://www.cert.ssi.gouv.fr/alerte/CERTFR-2024-ALE-012/;;;
CERTFR-2024-ALE-012;[MàJ] Vulnérabilités affectant OpenPrinting CUPS (27 septembre 2024);alerte;Fri, 27 Sep 2024 00:00:00 +0000;CVE-2024-47175;8.6;High;CWE-20;0.315290000;https://www.cert.ssi.gouv.fr/alerte/CERTFR-2024-ALE-012/;;;
CERTFR-2024-ALE-012;[MàJ] Vulnérabilités affectant OpenPrinting CUPS (27 septembre 2024);alerte;Fri, 27 Sep 2024 00:00:00 +0000;CVE-2024-47177;;Inconnu;Non disponible;;https://www.cert.ssi.gouv.fr/alerte/CERTFR-2024-ALE-012/;;;
CERTFR-2024-ALE-013;Exploitations de vulnérabilités dans Ivanti Cloud Services Appliance (CSA) (22 octobre 2024);alerte;Tue, 22 Oct 2024 00:00:00 +0000;CVE-2024-8190;7.2;High;CWE-78;0.919350000;https://www.cert.ssi.gouv.fr/alerte/CERTFR-2024-ALE-013/;;;
CERTFR-2024-ALE-013;Exploitations de vulnérabilités dans Ivanti Cloud Services Appliance (CSA) (22 octobre 2024);alerte;Tue, 22 Oct 2024 00:00:00 +0000;CVE-2024-8963;9.4;Critical;CWE-22;0.942250000;https://www.cert.ssi.gouv.fr/alerte/CERTFR-2024-ALE-013/;;;
CERTFR-2024-ALE-013;Exploitations de vulnérabilités dans Ivanti Cloud Services Appliance (CSA) (22 octobre 2024);alerte;Tue, 22 Oct 2024 00:00:00 +0000;CVE-2024-9380;7.2;High;CWE-77;0.881440000;https://www.cert.ssi.gouv.fr/alerte/CERTFR-2024-ALE-013/;;;
CERTFR-2024-ALE-014;[MàJ] Multiples vulnérabilités dans Fortinet FortiManager (23 octobre 2024);alerte;Wed, 23 Oct 2024 00:00:00 +0000;CVE-2024-47575;9.8;Critical;CWE-306;0.938460000;https://www.cert.ssi.gouv.fr/alerte/CERTFR-2024-ALE-014/;;;
CERTFR-2024-ALE-014;[MàJ] Multiples vulnérabilités dans Fortinet FortiManager (23 octobre 2024);alerte;Wed, 23 Oct 2024 00:00:00 +0000;CVE-2024-50566;7.2;High;CWE-78;0.006440000;https://www.cert.ssi.gouv.fr/alerte/CERTFR-2024-ALE-014/;;;
CERTFR-2024-ALE-015;[MàJ] Multiples vulnérabilités sur l'interface d'administration des équipements Palo Alto Networks (15 novembre 2024);alerte;Fri, 15 Nov 2024 00:00:00 +0000;CVE-2024-0012;;Inconnu;CWE-306;0.943000000;https://www.cert.ssi.gouv.fr/alerte/CERTFR-2024-ALE-015/;;;
CERTFR-2024-ALE-015;[MàJ] Multiples vulnérabilités sur l'interface d'administration des équipements Palo Alto Networks (15 novembre 2024);alerte;Fri, 15 Nov 2024 00:00:00 +0000;CVE-2024-9474;;Inconnu;CWE-78;0.941840000;https://www.cert.ssi.gouv.fr/alerte/CERTFR-2024-ALE-015/;;;
CERTFR-2025-ALE-001;[MàJ] Vulnérabilité dans les produits Ivanti (09 janvier 2025);alerte;Thu, 09 Jan 2025 00:00:00 +0000;CVE-2025-0282;9;Critical;CWE-121;0.941050000;https://www.cert.ssi.gouv.fr/alerte/CERTFR-2025-ALE-001/;;;
CERTFR-2025-ALE-002;[MàJ] Vulnérabilité dans les produits Fortinet (14 janvier 2025);alerte;Tue, 14 Jan 2025 00:00:00 +0000;CVE-2024-55591;9.6;Critical;CWE-288;0.941110000;https://www.cert.ssi.gouv.fr/alerte/CERTFR-2025-ALE-002/;;;
CERTFR-2025-ALE-003;[MàJ] Vulnérabilité dans les produits Ivanti (03 avril 2025);alerte;Thu, 03 Apr 2025 00:00:00 +0000;CVE-2025-22457;9;Critical;CWE-121;0.491320000;https://www.cert.ssi.gouv.fr/alerte/CERTFR-2025-ALE-003/;;;
CERTFR-2025-ALE-004;Activités de post-exploitation dans Fortinet FortiGate (11 avril 2025);alerte;Fri, 11 Apr 2025 00:00:00 +0000;;;;;;https://www.cert.ssi.gouv.fr/alerte/CERTFR-2025-ALE-004/;;;
CERTFR-2025-ALE-005;Vulnérabilité dans SAP NetWeaver (28 avril 2025);alerte;Mon, 28 Apr 2025 00:00:00 +0000;CVE-2025-31324;10;Critical;CWE-434;0.383170000;https://www.cert.ssi.gouv.fr/alerte/CERTFR-2025-ALE-005/;;;
CERTFR-2025-ALE-006;Vulnérabilité dans les produits Fortinet (13 mai 2025);alerte;Tue, 13 May 2025 00:00:00 +0000;CVE-2025-32756;9.6;Critical;CWE-121;0.256510000;https://www.cert.ssi.gouv.fr/alerte/CERTFR-2025-ALE-006/;;;
CERTFR-2025-ALE-007;Multiples vulnérabilités dans Ivanti Endpoint Manager Mobile (EPMM) (14 mai 2025);alerte;Wed, 14 May 2025 00:00:00 +0000;CVE-2025-4427;5.3;Medium;CWE-288;0.914600000;https://www.cert.ssi.gouv.fr/alerte/CERTFR-2025-ALE-007/;;;
CERTFR-2025-ALE-007;Multiples vulnérabilités dans Ivanti Endpoint Manager Mobile (EPMM) (14 mai 2025);alerte;Wed, 14 May 2025 00:00:00 +0000;CVE-2025-4428;7.2;High;CWE-94;0.542980000;https://www.cert.ssi.gouv.fr/alerte/CERTFR-2025-ALE-007/;;;
CERTFR-2025-ALE-008;[MàJ] Vulnérabilité dans Roundcube (05 juin 2025);alerte;Thu, 05 Jun 2025 00:00:00 +0000;CVE-2025-49113;9.9;Critical;CWE-502;0.918350000;https://www.cert.ssi.gouv.fr/alerte/CERTFR-2025-ALE-008/;;;
CERTFR-2025-ALE-009;Multiples vulnérabilités dans Citrix NetScaler ADC et NetScaler Gateway (01 juillet 2025);alerte;Tue, 01 Jul 2025 00:00:00 +0000;CVE-2025-6543;;Inconnu;CWE-119;0.030480000;https://www.cert.ssi.gouv.fr/alerte/CERTFR-2025-ALE-009/;;;
CERTFR-2025-ALE-009;Multiples vulnérabilités dans Citrix NetScaler ADC et NetScaler Gateway (01 juillet 2025);alerte;Tue, 01 Jul 2025 00:00:00 +0000;CVE-2025-5777;;Inconnu;CWE-125;0.765240000;https://www.cert.ssi.gouv.fr/alerte/CERTFR-2025-ALE-009/;;;
CERTFR-2025-ALE-010;[MàJ] Multiples vulnérabilités dans Microsoft SharePoint (21 juillet 2025);alerte;Mon, 21 Jul 2025 00:00:00 +0000;CVE-2025-53770;9.8;Critical;CWE-502;0.901300000;https://www.cert.ssi.gouv.fr/alerte/CERTFR-2025-ALE-010/;;;
CERTFR-2025-ALE-010;[MàJ] Multiples vulnérabilités dans Microsoft SharePoint (21 juillet 2025);alerte;Mon, 21 Jul 2025 00:00:00 +0000;CVE-2025-53771;6.5;Medium;CWE-287;0.504170000;https://www.cert.ssi.gouv.fr/alerte/CERTFR-2025-ALE-010/;;;
CERTFR-2025-ALE-011;Incidents de sécurité dans les pare-feux SonicWall (05 août 2025);alerte;Tue, 05 Aug 2025 00:00:00 +0000;;;;;;https://www.cert.ssi.gouv.fr/alerte/CERTFR-2025-ALE-011/;;;
CERTFR-2025-ALE-012;Vulnérabilité dans Citrix NetScaler ADC et NetScaler Gateway (26 août 2025);alerte;Tue, 26 Aug 2025 00:00:00 +0000;CVE-2025-7775;;Inconnu;CWE-119;0.163880000;https://www.cert.ssi.gouv.fr/alerte/CERTFR-2025-ALE-012/;;;
CERTFR-2025-ALE-013;[MàJ] Multiples vulnérabilités dans Cisco ASA et FTD (25 septembre 2025);alerte;Thu, 25 Sep 2025 00:00:00 +0000;CVE-2025-20333;9.9;Critical;CWE-120;0.070190000;https://www.cert.ssi.gouv.fr/alerte/CERTFR-2025-ALE-013/;;;
CERTFR-2025-ALE-013;[MàJ] Multiples vulnérabilités dans Cisco ASA et FTD (25 septembre 2025);alerte;Thu, 25 Sep 2025 00:00:00 +0000;CVE-2025-20362;6.5;Medium;CWE-862;0.340550000;https://www.cert.ssi.gouv.fr/alerte/CERTFR-2025-ALE-013/;;;
CERTFR-2025-ALE-014;[MàJ] Vulnérabilité dans React Server Components (05 décembre 2025);alerte;Fri, 05 Dec 2025 00:00:00 +0000;CVE-2025-55182;10;Critical;Non disponible;0.505380000;https://www.cert.ssi.gouv.fr/alerte/CERTFR-2025-ALE-014/;;;
CERTFR-2025-ALE-014;[MàJ] Vulnérabilité dans React Server Components (05 décembre 2025);alerte;Fri, 05 Dec 2025 00:00:00 +0000;CVE-2025-66478;;Inconnu;Non disponible;;https://www.cert.ssi.gouv.fr/alerte/CERTFR-2025-ALE-014/;;;
CERTFR-2024-ALE-003;[MàJ] Incident affectant les solutions AnyDesk (05 février 2024);alerte;Mon, 05 Feb 2024 00:00:00 +0000;;;;;;https://www.cert.ssi.gouv.fr/alerte/CERTFR-2024-ALE-003/;;;
CERTFR-2025-ALE-004;Activités de post-exploitation dans Fortinet FortiGate (11 avril 2025);alerte;Fri, 11 Apr 2025 00:00:00 +0000;;;;;;https://www.cert.ssi.gouv.fr/alerte/CERTFR-2025-ALE-004/;;;
CERTFR-2025-ALE-011;Incidents de sécurité dans les pare-feux SonicWall (05 août 2025);alerte;Tue, 05 Aug 2025 00:00:00 +0000;;;;;;https://www.cert.ssi.gouv.fr/alerte/CERTFR-2025-ALE-011/;;;
;;;;;;;;;;;;CERTFR-2024-ALE-003;[MàJ] Incident affectant les solutions AnyDesk (05 février 2024);alerte;Mon, 05 Feb 2024 00:00:00 +0000;;;;;;https://www.cert.ssi.gouv.fr/alerte/CERTFR-2024-ALE-003/;\[Mise à jour du 27 février 2024\] Le 29 janvier 2024 l'ANSSI a été alertée par le BSI que l'éditeur AnyDesk Software GmbH a été victime d'une fuite de données. Le code source des applications développées par l'éditeur ainsi que des certificats et clés privées pourraient avoir été dérobés. De...
CERTFR-2025-ALE-004;Activités de post-exploitation dans Fortinet FortiGate (11 avril 2025);alerte;Fri, 11 Apr 2025 00:00:00 +0000;;;;;;https://www.cert.ssi.gouv.fr/alerte/CERTFR-2025-ALE-004/;Fortinet a publié le 10 avril 2025 un billet de blogue [1] indiquant l'utilisation d'une technique de post-exploitation qui permet une atteinte à la confidentialité des données de l'ensemble du système des équipements Fortigate affectés. Cette technique repose sur l'utilisation d'un lien...
CERTFR-2025-ALE-011;Incidents de sécurité dans les pare-feux SonicWall (05 août 2025);alerte;Tue, 05 Aug 2025 00:00:00 +0000;;;;;;https://www.cert.ssi.gouv.fr/alerte/CERTFR-2025-ALE-011/;[Mise à jour du 7 août 2025] Le 6 août 2025, SonicWall a remplacé une partie de son communiqué initial pour indiquer que les incidents de sécurité évoqués étaient vraisemblablement corrélés à la vulnérabilité CVE-2024-40766. Celle-ci a fait l'objet d'un bulletin de sécurité, SNWLID-2024-0015 (cf....
CERTFR-2022-ALE-014;Multiples vulnérabilités dans AMI MegaRAC (16 décembre 2022);alerte;Fri, 16 Dec 2022 00:00:00 +0000;CVE-2022-40242;7.5;High;CWE-798;0.001370000;https://www.cert.ssi.gouv.fr/alerte/CERTFR-2022-ALE-014/;MegaRAC Default Credentials Vulnerability;MegaRAC SPx12, MegaRAC SPx13;AMI;SPx12-update-6.00, SPx13-update-4.00
CERTFR-2022-ALE-014;Multiples vulnérabilités dans AMI MegaRAC (16 décembre 2022);alerte;Fri, 16 Dec 2022 00:00:00 +0000;CVE-2022-40259;8.3;High;CWE-798;0.003020000;https://www.cert.ssi.gouv.fr/alerte/CERTFR-2022-ALE-014/;MegaRAC Default Credentials Vulnerability;MegaRAC SPx12, MegaRAC SPx13;AMI;SPx12-update-6.00, SPx13-update-4.00
CERTFR-2022-ALE-014;Multiples vulnérabilités dans AMI MegaRAC (16 décembre 2022);alerte;Fri, 16 Dec 2022 00:00:00 +0000;CVE-2022-2827;7.5;High;CWE-200;0.161080000;https://www.cert.ssi.gouv.fr/alerte/CERTFR-2022-ALE-014/;AMI MegaRAC User Enumeration Vulnerability;MegaRAC SPx12, MegaRAC SPx13;AMI;SPx12-update-6.00, SPx13-update-4.00
CERTFR-2023-ALE-004;Vulnérabilité dans les produits Fortinet (13 juin 2023);alerte;Tue, 13 Jun 2023 00:00:00 +0000;CVE-2023-27997;9.2;Critical;CWE-122;0.899160000;https://www.cert.ssi.gouv.fr/alerte/CERTFR-2023-ALE-004/;A heap-based buffer overflow vulnerability [CWE-122] in FortiOS version 7.2.4 and below, version 7.0.11 and below, version 6.4.12 and below, version 6.0.16 and below and FortiProxy version 7.2.3 and below, version 7.0.9 and below, version 2.0.12 and below, version 1.2 all versions, version 1.1 all versions SSL-VPN may allow a remote attacker to execute arbitrary code or commands via specifically crafted requests.;FortiOS-6K7K, FortiProxy, FortiOS;Fortinet;7.0.10, 7.0.5, 6.4.12, 6.4.10, 6.4.8, 6.4.6, 6.4.2, 6.2.13, 6.2.7, 6.2.4, 6.0.16, 6.0.10, 7.2.3, 7.0.9, 2.0.12, 1.2.13, 1.1.6, 7.2.4, 7.0.11
CERTFR-2023-ALE-005;Synthèse sur l'exploitation d'une vulnérabilité dans MOVEit Transfer (05 juillet 2023);alerte;Wed, 05 Jul 2023 00:00:00 +0000;CVE-2023-34362;;Inconnu;Non disponible;0.942540000;https://www.cert.ssi.gouv.fr/alerte/CERTFR-2023-ALE-005/;"In Progress MOVEit Transfer before 2021.0.6 (13.0.6), 2021.1.4 (13.1.4), 2022.0.4 (14.0.4), 2022.1.5 (14.1.5), and 2023.0.1 (15.0.1), a SQL injection vulnerability has been found in the MOVEit Transfer web application that could allow an unauthenticated attacker to gain access to MOVEit Transfer's database. Depending on the database engine being used (MySQL, Microsoft SQL Server, or Azure SQL), an attacker may be able to infer information about the structure and contents of the database, and execute SQL statements that alter or delete database elements. NOTE: this is exploited in the wild in May and June 2023; exploitation of unpatched systems can occur via HTTP or HTTPS. All versions (e.g., 2020.0 and 2019x) before the five explicitly mentioned versions are affected, including older unsupported versions.";n/a;n/a;n/a
CERTFR-2023-ALE-005;Synthèse sur l'exploitation d'une vulnérabilité dans MOVEit Transfer (05 juillet 2023);alerte;Wed, 05 Jul 2023 00:00:00 +0000;CVE-2023-35036;;Inconnu;Non disponible;0.343310000;https://www.cert.ssi.gouv.fr/alerte/CERTFR-2023-ALE-005/;In Progress MOVEit Transfer before 2021.0.7 (13.0.7), 2021.1.5 (13.1.5), 2022.0.5 (14.0.5), 2022.1.6 (14.1.6), and 2023.0.2 (15.0.2), SQL injection vulnerabilities have been found in the MOVEit Transfer web application that could allow an unauthenticated attacker to gain unauthorized access to MOVEit Transfer's database. An attacker could submit a crafted payload to a MOVEit Transfer application endpoint that could result in modification and disclosure of MOVEit database content.;n/a;n/a;n/a
CERTFR-2023-ALE-005;Synthèse sur l'exploitation d'une vulnérabilité dans MOVEit Transfer (05 juillet 2023);alerte;Wed, 05 Jul 2023 00:00:00 +0000;CVE-2023-35708;;Inconnu;Non disponible;0.288410000;https://www.cert.ssi.gouv.fr/alerte/CERTFR-2023-ALE-005/;In Progress MOVEit Transfer before 2021.0.8 (13.0.8), 2021.1.6 (13.1.6), 2022.0.6 (14.0.6), 2022.1.7 (14.1.7), and 2023.0.3 (15.0.3), a SQL injection vulnerability has been identified in the MOVEit Transfer web application that could allow an unauthenticated attacker to gain unauthorized access to MOVEit Transfer's database. An attacker could submit a crafted payload to a MOVEit Transfer application endpoint that could result in modification and disclosure of MOVEit database content. These are fixed versions of the DLL drop-in: 2020.1.10 (12.1.10), 2021.0.8 (13.0.8), 2021.1.6 (13.1.6), 2022.0.6 (14.0.6), 2022.1.7 (14.1.7), and 2023.0.3 (15.0.3).;n/a;n/a;n/a
CERTFR-2023-ALE-006;Vulnérabilité dans les produits Microsoft (12 juillet 2023);alerte;Wed, 12 Jul 2023 00:00:00 +0000;CVE-2023-36884;7.5;High;CWE-362;0.932200000;https://www.cert.ssi.gouv.fr/alerte/CERTFR-2023-ALE-006/;Windows Search Remote Code Execution Vulnerability;Windows 10 Version 1809, Windows Server 2019, Windows Server 2019 (Server Core installation), Windows Server 2022, Windows 11 version 21H2, Windows 10 Version 21H2, Windows 11 version 22H2, Windows 10 Version 22H2, Windows 10 Version 1507, Windows 10 Version 1607, Windows Server 2016, Windows Server 2016 (Server Core installation), Windows Server 2008 Service Pack 2, Windows Server 2008 Service Pack 2 (Server Core installation), Windows Server 2008  Service Pack 2, Windows Server 2008 R2 Service Pack 1, Windows Server 2008 R2 Service Pack 1 (Server Core installation), Windows Server 2012, Windows Server 2012 (Server Core installation), Windows Server 2012 R2, Windows Server 2012 R2 (Server Core installation);Microsoft;10.0.17763.4737, 10.0.20348.1906, 10.0.22000.2295, 10.0.19044.3324, 10.0.22621.2134, 10.0.19045.3324, 10.0.10240.20107, 10.0.14393.6167, 6.0.6003.22216, 6.1.7601.26664, 6.2.9200.24414, 6.3.9600.21503
CERTFR-2023-ALE-007;[MàJ] Vulnérabilité dans Zimbra Collaboration Suite (17 juillet 2023);alerte;Mon, 17 Jul 2023 00:00:00 +0000;CVE-2023-37580;;Inconnu;Non disponible;0.939180000;https://www.cert.ssi.gouv.fr/alerte/CERTFR-2023-ALE-007/;Zimbra Collaboration (ZCS) 8 before 8.8.15 Patch 41 allows XSS in the Zimbra Classic Web Client.;n/a;n/a;n/a
CERTFR-2023-ALE-008;[MàJ] Vulnérabilité dans Citrix NetScaler ADC et NetScaler Gateway (19 juillet 2023);alerte;Wed, 19 Jul 2023 00:00:00 +0000;CVE-2023-3519;9.8;Critical;CWE-94;0.939930000;https://www.cert.ssi.gouv.fr/alerte/CERTFR-2023-ALE-008/;Unauthenticated remote code execution;NetScaler ADC, NetScaler Gateway;Citrix;49.13, 91.13, 37.159, 55.297
CERTFR-2023-ALE-009;[MàJ] Multiples vulnérabilités dans Ivanti Endpoint Manager Mobile (26 juillet 2023);alerte;Wed, 26 Jul 2023 00:00:00 +0000;CVE-2023-35081;7.2;High;Non disponible;0.927200000;https://www.cert.ssi.gouv.fr/alerte/CERTFR-2023-ALE-009/;A path traversal vulnerability in Ivanti EPMM versions (11.10.x < 11.10.0.3, 11.9.x < 11.9.1.2 and 11.8.x < 11.8.1.2) allows an authenticated administrator to write arbitrary files onto the appliance.;EPMM;Ivanti;11.10.0.3
CERTFR-2023-ALE-009;[MàJ] Multiples vulnérabilités dans Ivanti Endpoint Manager Mobile (26 juillet 2023);alerte;Wed, 26 Jul 2023 00:00:00 +0000;CVE-2023-35082;10;Critical;Non disponible;0.944230000;https://www.cert.ssi.gouv.fr/alerte/CERTFR-2023-ALE-009/;An authentication bypass vulnerability in Ivanti EPMM 11.10 and older, allows unauthorized users to access restricted functionality or resources of the application without proper authentication. This vulnerability is unique to CVE-2023-35078 announced earlier.;EPMM;Ivanti;11.10
CERTFR-2023-ALE-009;[MàJ] Multiples vulnérabilités dans Ivanti Endpoint Manager Mobile (26 juillet 2023);alerte;Wed, 26 Jul 2023 00:00:00 +0000;CVE-2023-35078;10;Critical;Non disponible;0.944820000;https://www.cert.ssi.gouv.fr/alerte/CERTFR-2023-ALE-009/;An authentication bypass vulnerability in Ivanti EPMM allows unauthorized users to access restricted functionality or resources of the application without proper authentication.;Endpoint Manager Mobile;Ivanti;11.10, 11.9, 11.8
CERTFR-2023-ALE-010;Multiples vulnérabilités dans Exim (02 octobre 2023);alerte;Mon, 02 Oct 2023 00:00:00 +0000;CVE-2023-42118;7.5;High;CWE-191;0.030140000;https://www.cert.ssi.gouv.fr/alerte/CERTFR-2023-ALE-010/;Exim libspf2 Integer Underflow Remote Code Execution Vulnerability. This vulnerability allows network-adjacent attackers to execute arbitrary code on affected installations of Exim libspf2. Authentication is not required to exploit this vulnerability. The specific flaw exists within the parsing of SPF macros. When parsing SPF macros, the process does not properly validate user-supplied data, which can result in an integer underflow before writing to memory. An attacker can leverage this vulnerability to execute code in the context of the service account. . Was ZDI-CAN-17578.;libspf2;Exim;exim 4.96-RC0-14-24b8ed847-XX
CERTFR-2023-ALE-010;Multiples vulnérabilités dans Exim (02 octobre 2023);alerte;Mon, 02 Oct 2023 00:00:00 +0000;CVE-2023-42116;8.1;High;CWE-121;0.067340000;https://www.cert.ssi.gouv.fr/alerte/CERTFR-2023-ALE-010/;Exim SMTP Challenge Stack-based Buffer Overflow Remote Code Execution Vulnerability. This vulnerability allows remote attackers to execute arbitrary code on affected installations of Exim. Authentication is not required to exploit this vulnerability. The specific flaw exists within the handling of NTLM challenge requests. The issue results from the lack of proper validation of the length of user-supplied data prior to copying it to a fixed-length stack-based buffer. An attacker can leverage this vulnerability to execute code in the context of the service account. . Was ZDI-CAN-17515.;Exim;Exim;exim 4.95
CERTFR-2023-ALE-010;Multiples vulnérabilités dans Exim (02 octobre 2023);alerte;Mon, 02 Oct 2023 00:00:00 +0000;CVE-2023-42115;9.8;Critical;CWE-787;0.729040000;https://www.cert.ssi.gouv.fr/alerte/CERTFR-2023-ALE-010/;Exim AUTH Out-Of-Bounds Write Remote Code Execution Vulnerability. This vulnerability allows remote attackers to execute arbitrary code on affected installations of Exim. Authentication is not required to exploit this vulnerability. The specific flaw exists within the smtp service, which listens on TCP port 25 by default. The issue results from the lack of proper validation of user-supplied data, which can result in a write past the end of a buffer. An attacker can leverage this vulnerability to execute code in the context of the service account. . Was ZDI-CAN-17434.;Exim;Exim;exim 4.95
CERTFR-2023-ALE-010;Multiples vulnérabilités dans Exim (02 octobre 2023);alerte;Mon, 02 Oct 2023 00:00:00 +0000;CVE-2023-42117;8.1;High;CWE-138;0.073500000;https://www.cert.ssi.gouv.fr/alerte/CERTFR-2023-ALE-010/;Exim Improper Neutralization of Special Elements Remote Code Execution Vulnerability. This vulnerability allows remote attackers to execute arbitrary code on affected installations of Exim. Authentication is not required to exploit this vulnerability. The specific flaw exists within the smtp service, which listens on TCP port 25 by default. The issue results from the lack of proper validation of user-supplied data, which can result in a memory corruption condition. An attacker can leverage this vulnerability to execute code in the context of the current process. Was ZDI-CAN-17554.;Exim;Exim;4.96-RC1-11-315206fbf
CERTFR-2023-ALE-010;Multiples vulnérabilités dans Exim (02 octobre 2023);alerte;Mon, 02 Oct 2023 00:00:00 +0000;CVE-2023-42119;3.1;Low;CWE-125;0.007310000;https://www.cert.ssi.gouv.fr/alerte/CERTFR-2023-ALE-010/;Exim dnsdb Out-Of-Bounds Read Information Disclosure Vulnerability. This vulnerability allows network-adjacent attackers to disclose sensitive information on affected installations of Exim. Authentication is not required to exploit this vulnerability. The specific flaw exists within the smtp service, which listens on TCP port 25 by default. The issue results from the lack of proper validation of user-supplied data, which can result in a read past the end of an allocated buffer. An attacker can leverage this in conjunction with other vulnerabilities to execute arbitrary code in the context of the service account. . Was ZDI-CAN-17643.;Exim;Exim;exim 4.96-RC0-14-24b8ed847-XX
CERTFR-2023-ALE-010;Multiples vulnérabilités dans Exim (02 octobre 2023);alerte;Mon, 02 Oct 2023 00:00:00 +0000;CVE-2023-42114;3.7;Low;CWE-125;0.138950000;https://www.cert.ssi.gouv.fr/alerte/CERTFR-2023-ALE-010/;Exim NTLM Challenge Out-Of-Bounds Read Information Disclosure Vulnerability. This vulnerability allows remote attackers to disclose sensitive information on affected installations of Exim. Authentication is not required to exploit this vulnerability. The specific flaw exists within the handling of NTLM challenge requests. The issue results from the lack of proper validation of user-supplied data, which can result in a read past the end of an allocated data structure. An attacker can leverage this vulnerability to disclose information in the context of the service account. . Was ZDI-CAN-17433.;Exim;Exim;exim 4.95
CERTFR-2023-ALE-011;[MàJ] Multiples vulnérabilités dans Cisco IOS XE (17 octobre 2023);alerte;Tue, 17 Oct 2023 00:00:00 +0000;CVE-2023-20198;10;Critical;CWE-420;0.940690000;https://www.cert.ssi.gouv.fr/alerte/CERTFR-2023-ALE-011/;Cisco is providing an update for the ongoing investigation into observed exploitation of the web UI feature in Cisco IOS XE Software. We are updating the list of fixed releases and adding the Software Checker. Our investigation has determined that the actors exploited two previously unknown issues. The attacker first exploited CVE-2023-20198 to gain initial access and issued a privilege 15 command to create a local user and password combination. This allowed the user to log in with normal user access. The attacker then exploited another component of the web UI feature, leveraging the new local user to elevate privilege to root and write the implant to the file system. Cisco has assigned CVE-2023-20273 to this issue. CVE-2023-20198 has been assigned a CVSS Score of 10.0. CVE-2023-20273 has been assigned a CVSS Score of 7.2. Both of these CVEs are being tracked by CSCwh87343.;Cisco IOS XE Software;Cisco;16.1.1, 16.1.2, 16.1.3, 16.2.1, 16.2.2, 16.3.1, 16.3.2, 16.3.3, 16.3.1a, 16.3.4, 16.3.5, 16.3.5b, 16.3.6, 16.3.7, 16.3.8, 16.3.9, 16.3.10, 16.3.11, 16.4.1, 16.4.2, 16.4.3, 16.5.1, 16.5.1a, 16.5.1b, 16.5.2, 16.5.3, 16.6.1, 16.6.2, 16.6.3, 16.6.4, 16.6.5, 16.6.4a, 16.6.5a, 16.6.6, 16.6.7, 16.6.8, 16.6.9, 16.6.10, 16.7.1, 16.7.1a, 16.7.1b, 16.7.2, 16.7.3, 16.7.4, 16.8.1, 16.8.1a, 16.8.1b, 16.8.1s, 16.8.1c, 16.8.1d, 16.8.2, 16.8.1e, 16.8.3, 16.9.1, 16.9.2, 16.9.1a, 16.9.1b, 16.9.1s, 16.9.3, 16.9.4, 16.9.3a, 16.9.5, 16.9.5f, 16.9.6, 16.9.7, 16.9.8, 16.10.1, 16.10.1a, 16.10.1b, 16.10.1s, 16.10.1c, 16.10.1e, 16.10.1d, 16.10.2, 16.10.1f, 16.10.1g, 16.10.3, 16.11.1, 16.11.1a, 16.11.1b, 16.11.2, 16.11.1s, 16.12.1, 16.12.1s, 16.12.1a, 16.12.1c, 16.12.1w, 16.12.2, 16.12.1y, 16.12.2a, 16.12.3, 16.12.8, 16.12.2s, 16.12.1x, 16.12.1t, 16.12.4, 16.12.3s, 16.12.3a, 16.12.4a, 16.12.5, 16.12.6, 16.12.1z1, 16.12.5a, 16.12.5b, 16.12.1z2, 16.12.6a, 16.12.7, 16.12.9, 16.12.10, 17.1.1, 17.1.1a, 17.1.1s, 17.1.1t, 17.1.3, 17.2.1, 17.2.1r, 17.2.1a, 17.2.1v, 17.2.2, 17.2.3, 17.3.1, 17.3.2, 17.3.3, 17.3.1a, 17.3.1w, 17.3.2a, 17.3.1x, 17.3.1z, 17.3.4, 17.3.5, 17.3.4a, 17.3.6, 17.3.4b, 17.3.4c, 17.3.5a, 17.3.5b, 17.3.7, 17.3.8, 17.4.1, 17.4.2, 17.4.1a, 17.4.1b, 17.4.2a, 17.5.1, 17.5.1a, 17.5.1b, 17.5.1c, 17.6.1, 17.6.2, 17.6.1w, 17.6.1a, 17.6.1x, 17.6.3, 17.6.1y, 17.6.1z, 17.6.3a, 17.6.4, 17.6.1z1, 17.6.5, 17.6.6, 17.7.1, 17.7.1a, 17.7.1b, 17.7.2, 17.10.1, 17.10.1a, 17.10.1b, 17.8.1, 17.8.1a, 17.9.1, 17.9.1w, 17.9.2, 17.9.1a, 17.9.1x, 17.9.1y, 17.9.3, 17.9.2a, 17.9.1x1, 17.9.3a, 17.9.4, 17.9.1y1, 17.11.1, 17.11.1a, 17.12.1, 17.12.1a, 17.11.99SW
CERTFR-2023-ALE-011;[MàJ] Multiples vulnérabilités dans Cisco IOS XE (17 octobre 2023);alerte;Tue, 17 Oct 2023 00:00:00 +0000;CVE-2023-20273;7.2;High;CWE-78;0.925020000;https://www.cert.ssi.gouv.fr/alerte/CERTFR-2023-ALE-011/;A vulnerability in the web UI feature of Cisco IOS XE Software could allow an authenticated, remote attacker to inject commands with the privileges of root. This vulnerability is due to insufficient input validation. An attacker could exploit this vulnerability by sending crafted input to the web UI. A successful exploit could allow the attacker to inject commands to the underlying operating system with root privileges.;Cisco IOS XE Software;Cisco;16.1.1, 16.1.2, 16.1.3, 16.2.1, 16.2.2, 16.3.1, 16.3.2, 16.3.3, 16.3.1a, 16.3.4, 16.3.5, 16.3.5b, 16.3.6, 16.3.7, 16.3.8, 16.3.9, 16.3.10, 16.3.11, 16.4.1, 16.4.2, 16.4.3, 16.5.1, 16.5.1a, 16.5.1b, 16.5.2, 16.5.3, 16.6.1, 16.6.2, 16.6.3, 16.6.4, 16.6.5, 16.6.4a, 16.6.5a, 16.6.6, 16.6.7, 16.6.8, 16.6.9, 16.6.10, 16.7.1, 16.7.1a, 16.7.1b, 16.7.2, 16.7.3, 16.7.4, 16.8.1, 16.8.1a, 16.8.1b, 16.8.1s, 16.8.1c, 16.8.1d, 16.8.2, 16.8.1e, 16.8.3, 16.9.1, 16.9.2, 16.9.1a, 16.9.1b, 16.9.1s, 16.9.3, 16.9.4, 16.9.3a, 16.9.5, 16.9.5f, 16.9.6, 16.9.7, 16.9.8, 16.10.1, 16.10.1a, 16.10.1b, 16.10.1s, 16.10.1c, 16.10.1e, 16.10.1d, 16.10.2, 16.10.1f, 16.10.1g, 16.10.3, 16.11.1, 16.11.1a, 16.11.1b, 16.11.2, 16.11.1s, 16.12.1, 16.12.1s, 16.12.1a, 16.12.1c, 16.12.1w, 16.12.2, 16.12.1y, 16.12.2a, 16.12.3, 16.12.8, 16.12.2s, 16.12.1x, 16.12.1t, 16.12.4, 16.12.3s, 16.12.3a, 16.12.4a, 16.12.5, 16.12.6, 16.12.1z1, 16.12.5a, 16.12.5b, 16.12.1z2, 16.12.6a, 16.12.7, 16.12.9, 16.12.10, 17.1.1, 17.1.1a, 17.1.1s, 17.1.1t, 17.1.3, 17.2.1, 17.2.1r, 17.2.1a, 17.2.1v, 17.2.2, 17.2.3, 17.3.1, 17.3.2, 17.3.3, 17.3.1a, 17.3.1w, 17.3.2a, 17.3.1x, 17.3.1z, 17.3.4, 17.3.5, 17.3.4a, 17.3.6, 17.3.4b, 17.3.4c, 17.3.5a, 17.3.5b, 17.3.7, 17.3.8, 17.4.1, 17.4.2, 17.4.1a, 17.4.1b, 17.4.2a, 17.5.1, 17.5.1a, 17.5.1b, 17.5.1c, 17.6.1, 17.6.2, 17.6.1w, 17.6.1a, 17.6.1x, 17.6.3, 17.6.1y, 17.6.1z, 17.6.3a, 17.6.4, 17.6.1z1, 17.6.5, 17.6.6, 17.7.1, 17.7.1a, 17.7.1b, 17.7.2, 17.10.1, 17.10.1a, 17.10.1b, 17.8.1, 17.8.1a, 17.9.1, 17.9.1w, 17.9.2, 17.9.1a, 17.9.1x, 17.9.1y, 17.9.3, 17.9.2a, 17.9.1x1, 17.9.3a, 17.9.4, 17.9.1y1, 17.11.1, 17.11.1a, 17.12.1, 17.12.1a, 17.11.99SW
CERTFR-2023-ALE-012;[MàJ] Vulnérabilité dans Citrix NetScaler ADC et NetScaler Gateway (23 octobre 2023);alerte;Mon, 23 Oct 2023 00:00:00 +0000;CVE-2023-4966;9.4;Critical;CWE-119;0.943480000;https://www.cert.ssi.gouv.fr/alerte/CERTFR-2023-ALE-012/;Sensitive information disclosure in NetScaler ADC and NetScaler Gateway when configured as a Gateway (VPN virtual server, ICA Proxy, CVPN, RDP Proxy) or AAA virtual server.;NetScaler ADC, NetScaler Gateway;Citrix;8.50, 49.15, 92.19, 37.164, 55.300
CERTFR-2023-ALE-013;Vulnérabilité dans Apache Struts 2 (13 décembre 2023);alerte;Wed, 13 Dec 2023 00:00:00 +0000;CVE-2023-50164;;Inconnu;CWE-552;0.936470000;https://www.cert.ssi.gouv.fr/alerte/CERTFR-2023-ALE-013/;An attacker can manipulate file upload params to enable paths traversal and under some circumstances this can lead to uploading a malicious file which can be used to perform Remote Code Execution. Users are recommended to upgrade to versions Struts 2.5.33 or Struts 6.3.0.2 or greater to fix this issue.;Apache Struts;Apache Software Foundation;2.5.32, 6.3.0.1
CERTFR-2024-ALE-001;[MàJ] Multiples vulnérabilités dans Ivanti Connect Secure et Policy Secure Gateways (11 janvier 2024);alerte;Thu, 11 Jan 2024 00:00:00 +0000;CVE-2023-46805;8.2;High;Non disponible;0.943670000;https://www.cert.ssi.gouv.fr/alerte/CERTFR-2024-ALE-001/;An authentication bypass vulnerability in the web component of Ivanti ICS 9.x, 22.x and Ivanti Policy Secure allows a remote attacker to access restricted resources by bypassing control checks.;ICS, IPS;Ivanti;9.1R18, 22.6R2, 22.6R1
CERTFR-2024-ALE-001;[MàJ] Multiples vulnérabilités dans Ivanti Connect Secure et Policy Secure Gateways (11 janvier 2024);alerte;Thu, 11 Jan 2024 00:00:00 +0000;CVE-2024-21887;9.1;Critical;Non disponible;0.944120000;https://www.cert.ssi.gouv.fr/alerte/CERTFR-2024-ALE-001/;A command injection vulnerability in web components of Ivanti Connect Secure (9.x, 22.x) and Ivanti Policy Secure (9.x, 22.x) allows an authenticated administrator to send specially crafted requests and execute arbitrary commands on the appliance.;ICS, IPS;Ivanti;9.1R18, 22.6R2, 22.6R1
CERTFR-2024-ALE-001;[MàJ] Multiples vulnérabilités dans Ivanti Connect Secure et Policy Secure Gateways (11 janvier 2024);alerte;Thu, 11 Jan 2024 00:00:00 +0000;CVE-2024-21893;8.2;High;Non disponible;0.943190000;https://www.cert.ssi.gouv.fr/alerte/CERTFR-2024-ALE-001/;A server-side request forgery vulnerability in the SAML component of Ivanti Connect Secure (9.x, 22.x) and Ivanti Policy Secure (9.x, 22.x) and Ivanti Neurons for ZTA allows an attacker to access certain restricted resources without authentication.;ICS, IPS;Ivanti;9.1R18, 22.6R2, 22.6R1
CERTFR-2024-ALE-001;[MàJ] Multiples vulnérabilités dans Ivanti Connect Secure et Policy Secure Gateways (11 janvier 2024);alerte;Thu, 11 Jan 2024 00:00:00 +0000;CVE-2024-21888;8.8;High;Non disponible;0.640040000;https://www.cert.ssi.gouv.fr/alerte/CERTFR-2024-ALE-001/;A privilege escalation vulnerability in web component of Ivanti Connect Secure (9.x, 22.x) and Ivanti Policy Secure (9.x, 22.x) allows a user to elevate privileges to that of an administrator.;ICS, IPS;Ivanti;9.1R18, 22.6R2, 22.6R1
CERTFR-2024-ALE-001;[MàJ] Multiples vulnérabilités dans Ivanti Connect Secure et Policy Secure Gateways (11 janvier 2024);alerte;Thu, 11 Jan 2024 00:00:00 +0000;CVE-2024-22024;8.3;High;Non disponible;0.942490000;https://www.cert.ssi.gouv.fr/alerte/CERTFR-2024-ALE-001/;An XML external entity or XXE vulnerability in the SAML component of Ivanti Connect Secure (9.x, 22.x), Ivanti Policy Secure (9.x, 22.x) and ZTA gateways which allows an attacker to access certain restricted resources without authentication.;ICS, IPS;Ivanti, Ivant ;9.1R14.5, 9.1R17.3, 9.1R18.4, 22.1R6.1, 9.1R14.4, 9.1R15.2, 9.1R16.2, 9.1R17.2, 9.1R18.3, 22.2R4.1, 22.3R1.1, 22.4R1.1, 22.5R1.2, 22.6R1.1, 22.4R2.3, 22.5R2.3, 22.6R2.2, 22.3R1, 22.5R1.1, 22.4R2.2, 22.5R2.2, 9.1R15.3, 9.1R18.2
CERTFR-2024-ALE-002;[MàJ] Multiples Vulnérabilités dans GitLab (12 janvier 2024);alerte;Fri, 12 Jan 2024 00:00:00 +0000;CVE-2024-0402;9.9;Critical;CWE-22;0.393120000;https://www.cert.ssi.gouv.fr/alerte/CERTFR-2024-ALE-002/;An issue has been discovered in GitLab CE/EE affecting all versions from 16.0 prior to 16.6.6, 16.7 prior to 16.7.4, and 16.8 prior to 16.8.1 which allows an authenticated user to write files to arbitrary locations on the GitLab server while creating a workspace.;GitLab;GitLab;16.5.8, 16.6.6, 16.7.4, 16.8.1
CERTFR-2024-ALE-002;[MàJ] Multiples Vulnérabilités dans GitLab (12 janvier 2024);alerte;Fri, 12 Jan 2024 00:00:00 +0000;CVE-2023-7028;10;Critical;CWE-640;0.936040000;https://www.cert.ssi.gouv.fr/alerte/CERTFR-2024-ALE-002/;An issue has been discovered in GitLab CE/EE affecting all versions from 16.1 prior to 16.1.6, 16.2 prior to 16.2.9, 16.3 prior to 16.3.7, 16.4 prior to 16.4.5, 16.5 prior to 16.5.6, 16.6 prior to 16.6.4, and 16.7 prior to 16.7.2 in which user account password reset emails could be delivered to an unverified email address.;GitLab;GitLab;16.1.6, 16.2.9, 16.3.7, 16.4.5, 16.5.6, 16.6.4, 16.7.2
CERTFR-2024-ALE-003;[MàJ] Incident affectant les solutions AnyDesk (05 février 2024);alerte;Mon, 05 Feb 2024 00:00:00 +0000;;;;;;https://www.cert.ssi.gouv.fr/alerte/CERTFR-2024-ALE-003/;\[Mise à jour du 27 février 2024\] Le 29 janvier 2024 l'ANSSI a été alertée par le BSI que l'éditeur AnyDesk Software GmbH a été victime d'une fuite de données. Le code source des applications développées par l'éditeur ainsi que des certificats et clés privées pourraient avoir été dérobés. De...;;;
CERTFR-2024-ALE-004;[MàJ] Vulnérabilité dans Fortinet FortiOS (09 février 2024);alerte;Fri, 09 Feb 2024 00:00:00 +0000;CVE-2024-21762;9.6;Critical;CWE-787;0.929100000;https://www.cert.ssi.gouv.fr/alerte/CERTFR-2024-ALE-004/;A out-of-bounds write in Fortinet FortiOS versions 7.4.0 through 7.4.2, 7.2.0 through 7.2.6, 7.0.0 through 7.0.13, 6.4.0 through 6.4.14, 6.2.0 through 6.2.15, 6.0.0 through 6.0.17, FortiProxy versions 7.4.0 through 7.4.2, 7.2.0 through 7.2.8, 7.0.0 through 7.0.14, 2.0.0 through 2.0.13, 1.2.0 through 1.2.13, 1.1.0 through 1.1.6, 1.0.0 through 1.0.7 allows attacker to execute unauthorized code or commands via specifically crafted requests;FortiProxy, FortiOS;Fortinet;7.4.2, 7.2.8, 7.0.14, 2.0.13, 1.2.13, 1.1.6, 1.0.7, 7.2.6, 7.0.13, 6.4.14, 6.2.15, 6.0.17
CERTFR-2024-ALE-005;[MàJ] Vulnérabilité dans Microsoft Outlook (15 février 2024);alerte;Thu, 15 Feb 2024 00:00:00 +0000;CVE-2024-21413;9.8;Critical;CWE-20;0.933850000;https://www.cert.ssi.gouv.fr/alerte/CERTFR-2024-ALE-005/;Microsoft Outlook Remote Code Execution Vulnerability;Microsoft Office 2019, Microsoft 365 Apps for Enterprise, Microsoft Office LTSC 2021, Microsoft Office 2016;Microsoft;https://aka.ms/OfficeSecurityReleases, 16.0.5435.1001
CERTFR-2024-ALE-006;[MàJ] Vulnérabilité dans Palo Alto Networks GlobalProtect (12 avril 2024);alerte;Fri, 12 Apr 2024 00:00:00 +0000;CVE-2024-3400;10;Critical;CWE-77;0.942970000;https://www.cert.ssi.gouv.fr/alerte/CERTFR-2024-ALE-006/;A command injection as a result of arbitrary file creation vulnerability in the GlobalProtect feature of Palo Alto Networks PAN-OS software for specific PAN-OS versions and distinct feature configurations may enable an unauthenticated attacker to execute arbitrary code with root privileges on the firewall. Cloud NGFW, Panorama appliances, and Prisma Access are not impacted by this vulnerability.;PAN-OS, Cloud NGFW, Prisma Access;Palo Alto Networks;9.0.0, 9.1.0, 10.0.0, 10.1.0, 10.2.9-h1, 11.0.4-h1, 11.1.2-h3, All
CERTFR-2024-ALE-007;Multiples vulnérabilités dans les produits Cisco (25 avril 2024);alerte;Thu, 25 Apr 2024 00:00:00 +0000;CVE-2024-20353;8.6;High;CWE-835;0.195360000;https://www.cert.ssi.gouv.fr/alerte/CERTFR-2024-ALE-007/;A vulnerability in the management and VPN web servers for Cisco Adaptive Security Appliance (ASA) Software and Cisco Firepower Threat Defense (FTD) Software could allow an unauthenticated, remote attacker to cause the device to reload unexpectedly, resulting in a denial of service (DoS) condition. This vulnerability is due to incomplete error checking when parsing an HTTP header. An attacker could exploit this vulnerability by sending a crafted HTTP request to a targeted web server on a device. A successful exploit could allow the attacker to cause a DoS condition when the device reloads.;Cisco Adaptive Security Appliance (ASA) Software, Cisco Firepower Threat Defense Software;Cisco;9.8.1, 9.8.1.5, 9.8.1.7, 9.8.2, 9.8.2.8, 9.8.2.14, 9.8.2.15, 9.8.2.17, 9.8.2.20, 9.8.2.24, 9.8.2.26, 9.8.2.28, 9.8.2.33, 9.8.2.35, 9.8.2.38, 9.8.3.8, 9.8.3.11, 9.8.3.14, 9.8.3.16, 9.8.3.18, 9.8.3.21, 9.8.3, 9.8.3.26, 9.8.3.29, 9.8.4, 9.8.4.3, 9.8.4.7, 9.8.4.8, 9.8.4.10, 9.8.4.12, 9.8.4.15, 9.8.4.17, 9.8.4.25, 9.8.4.20, 9.8.4.22, 9.8.4.26, 9.8.4.29, 9.8.4.32, 9.8.4.33, 9.8.4.34, 9.8.4.35, 9.8.4.39, 9.8.4.40, 9.8.4.41, 9.8.4.43, 9.8.4.44, 9.8.4.45, 9.8.4.46, 9.8.4.48, 9.12.1, 9.12.1.2, 9.12.1.3, 9.12.2, 9.12.2.4, 9.12.2.5, 9.12.2.9, 9.12.3, 9.12.3.2, 9.12.3.7, 9.12.4, 9.12.3.12, 9.12.3.9, 9.12.2.1, 9.12.4.2, 9.12.4.4, 9.12.4.7, 9.12.4.10, 9.12.4.13, 9.12.4.8, 9.12.4.18, 9.12.4.24, 9.12.4.26, 9.12.4.29, 9.12.4.30, 9.12.4.35, 9.12.4.37, 9.12.4.38, 9.12.4.39, 9.12.4.40, 9.12.4.41, 9.12.4.47, 9.12.4.48, 9.12.4.50, 9.12.4.52, 9.12.4.54, 9.12.4.55, 9.12.4.56, 9.12.4.58, 9.12.4.62, 9.12.4.65, 9.14.1, 9.14.1.10, 9.14.1.6, 9.14.1.15, 9.14.1.19, 9.14.1.30, 9.14.2, 9.14.2.4, 9.14.2.8, 9.14.2.13, 9.14.2.15, 9.14.3, 9.14.3.1, 9.14.3.9, 9.14.3.11, 9.14.3.13, 9.14.3.18, 9.14.3.15, 9.14.4, 9.14.4.6, 9.14.4.7, 9.14.4.12, 9.14.4.13, 9.14.4.14, 9.14.4.15, 9.14.4.17, 9.14.4.22, 9.14.4.23, 9.15.1, 9.15.1.7, 9.15.1.10, 9.15.1.15, 9.15.1.16, 9.15.1.17, 9.15.1.1, 9.15.1.21, 9.16.1, 9.16.1.28, 9.16.2, 9.16.2.3, 9.16.2.7, 9.16.2.11, 9.16.2.13, 9.16.2.14, 9.16.3, 9.16.3.3, 9.16.3.14, 9.16.3.15, 9.16.3.19, 9.16.3.23, 9.16.4, 9.16.4.9, 9.16.4.14, 9.16.4.18, 9.16.4.19, 9.16.4.27, 9.16.4.38, 9.16.4.39, 9.16.4.42, 9.16.4.48, 9.16.4.55, 9.17.1, 9.17.1.7, 9.17.1.9, 9.17.1.10, 9.17.1.11, 9.17.1.13, 9.17.1.15, 9.17.1.20, 9.17.1.30, 9.17.1.33, 9.18.1, 9.18.1.3, 9.18.2, 9.18.2.5, 9.18.2.7, 9.18.2.8, 9.18.3, 9.18.3.39, 9.18.3.46, 9.18.3.53, 9.18.3.55, 9.18.3.56, 9.18.4, 9.18.4.5, 9.18.4.8, 9.19.1, 9.19.1.5, 9.19.1.9, 9.19.1.12, 9.19.1.18, 9.19.1.22, 9.19.1.24, 9.19.1.27, 9.20.1, 9.20.1.5, 9.20.2, 6.2.3, 6.2.3.1, 6.2.3.2, 6.2.3.3, 6.2.3.4, 6.2.3.5, 6.2.3.6, 6.2.3.7, 6.2.3.8, 6.2.3.10, 6.2.3.11, 6.2.3.9, 6.2.3.12, 6.2.3.13, 6.2.3.14, 6.2.3.15, 6.2.3.16, 6.2.3.17, 6.2.3.18, 6.6.0, 6.6.0.1, 6.6.1, 6.6.3, 6.6.4, 6.6.5, 6.6.5.1, 6.6.5.2, 6.6.7, 6.6.7.1, 6.4.0, 6.4.0.1, 6.4.0.3, 6.4.0.2, 6.4.0.4, 6.4.0.5, 6.4.0.6, 6.4.0.7, 6.4.0.8, 6.4.0.9, 6.4.0.10, 6.4.0.11, 6.4.0.12, 6.4.0.13, 6.4.0.14, 6.4.0.15, 6.4.0.16, 6.4.0.17, 6.7.0, 6.7.0.1, 6.7.0.2, 6.7.0.3, 7.0.0, 7.0.0.1, 7.0.1, 7.0.1.1, 7.0.2, 7.0.2.1, 7.0.3, 7.0.4, 7.0.5, 7.0.6, 7.0.6.1, 7.1.0, 7.1.0.1, 7.1.0.2, 7.1.0.3, 7.2.0, 7.2.0.1, 7.2.1, 7.2.2, 7.2.3, 7.2.4, 7.2.4.1, 7.2.5, 7.2.5.1, 7.3.0, 7.3.1, 7.3.1.1, 7.4.0, 7.4.1
CERTFR-2024-ALE-007;Multiples vulnérabilités dans les produits Cisco (25 avril 2024);alerte;Thu, 25 Apr 2024 00:00:00 +0000;CVE-2024-20359;6;Medium;CWE-94;0.001790000;https://www.cert.ssi.gouv.fr/alerte/CERTFR-2024-ALE-007/;A vulnerability in a legacy capability that allowed for the preloading of VPN clients and plug-ins and that has been available in Cisco Adaptive Security Appliance (ASA) Software and Cisco Firepower Threat Defense (FTD) Software could allow an authenticated, local attacker to execute arbitrary code with root-level privileges. Administrator-level privileges are required to exploit this vulnerability. This vulnerability is due to improper validation of a file when it is read from system flash memory. An attacker could exploit this vulnerability by copying a crafted file to the disk0: file system of an affected device. A successful exploit could allow the attacker to execute arbitrary code on the affected device after the next reload of the device, which could alter system behavior. Because the injected code could persist across device reboots, Cisco has raised the Security Impact Rating (SIR) of this advisory from Medium to High.;Cisco Adaptive Security Appliance (ASA) Software, Cisco Firepower Threat Defense Software;Cisco;9.8.1, 9.8.1.5, 9.8.1.7, 9.8.2, 9.8.2.8, 9.8.2.14, 9.8.2.15, 9.8.2.17, 9.8.2.20, 9.8.2.24, 9.8.2.26, 9.8.2.28, 9.8.2.33, 9.8.2.35, 9.8.2.38, 9.8.3.8, 9.8.3.11, 9.8.3.14, 9.8.3.16, 9.8.3.18, 9.8.3.21, 9.8.3, 9.8.3.26, 9.8.3.29, 9.8.4, 9.8.4.3, 9.8.4.7, 9.8.4.8, 9.8.4.10, 9.8.4.12, 9.8.4.15, 9.8.4.17, 9.8.4.25, 9.8.4.20, 9.8.4.22, 9.8.4.26, 9.8.4.29, 9.8.4.32, 9.8.4.33, 9.8.4.34, 9.8.4.35, 9.8.4.39, 9.8.4.40, 9.8.4.41, 9.8.4.43, 9.8.4.44, 9.8.4.45, 9.8.4.46, 9.8.4.48, 9.12.1, 9.12.1.2, 9.12.1.3, 9.12.2, 9.12.2.4, 9.12.2.5, 9.12.2.9, 9.12.3, 9.12.3.2, 9.12.3.7, 9.12.4, 9.12.3.12, 9.12.3.9, 9.12.2.1, 9.12.4.2, 9.12.4.4, 9.12.4.7, 9.12.4.10, 9.12.4.13, 9.12.4.8, 9.12.4.18, 9.12.4.24, 9.12.4.26, 9.12.4.29, 9.12.4.30, 9.12.4.35, 9.12.4.37, 9.12.4.38, 9.12.4.39, 9.12.4.40, 9.12.4.41, 9.12.4.47, 9.12.4.48, 9.12.4.50, 9.12.4.52, 9.12.4.54, 9.12.4.55, 9.12.4.56, 9.12.4.58, 9.12.4.62, 9.12.4.65, 9.14.1, 9.14.1.10, 9.14.1.6, 9.14.1.15, 9.14.1.19, 9.14.1.30, 9.14.2, 9.14.2.4, 9.14.2.8, 9.14.2.13, 9.14.2.15, 9.14.3, 9.14.3.1, 9.14.3.9, 9.14.3.11, 9.14.3.13, 9.14.3.18, 9.14.3.15, 9.14.4, 9.14.4.6, 9.14.4.7, 9.14.4.12, 9.14.4.13, 9.14.4.14, 9.14.4.15, 9.14.4.17, 9.14.4.22, 9.14.4.23, 9.15.1, 9.15.1.7, 9.15.1.10, 9.15.1.15, 9.15.1.16, 9.15.1.17, 9.15.1.1, 9.15.1.21, 9.16.1, 9.16.1.28, 9.16.2, 9.16.2.3, 9.16.2.7, 9.16.2.11, 9.16.2.13, 9.16.2.14, 9.16.3, 9.16.3.3, 9.16.3.14, 9.16.3.15, 9.16.3.19, 9.16.3.23, 9.16.4, 9.16.4.9, 9.16.4.14, 9.16.4.18, 9.16.4.19, 9.16.4.27, 9.16.4.38, 9.16.4.39, 9.16.4.42, 9.16.4.48, 9.16.4.55, 9.17.1, 9.17.1.7, 9.17.1.9, 9.17.1.10, 9.17.1.11, 9.17.1.13, 9.17.1.15, 9.17.1.20, 9.17.1.30, 9.17.1.33, 9.18.1, 9.18.1.3, 9.18.2, 9.18.2.5, 9.18.2.7, 9.18.2.8, 9.18.3, 9.18.3.39, 9.18.3.46, 9.18.3.53, 9.18.3.55, 9.18.3.56, 9.18.4, 9.18.4.5, 9.18.4.8, 9.19.1, 9.19.1.5, 9.19.1.9, 9.19.1.12, 9.19.1.18, 9.19.1.22, 9.19.1.24, 9.19.1.27, 9.20.1, 9.20.1.5, 9.20.2, 6.2.3, 6.2.3.1, 6.2.3.2, 6.2.3.3, 6.2.3.4, 6.2.3.5, 6.2.3.6, 6.2.3.7, 6.2.3.8, 6.2.3.10, 6.2.3.11, 6.2.3.9, 6.2.3.12, 6.2.3.13, 6.2.3.14, 6.2.3.15, 6.2.3.16, 6.2.3.17, 6.2.3.18, 6.6.0, 6.6.0.1, 6.6.1, 6.6.3, 6.6.4, 6.6.5, 6.6.5.1, 6.6.5.2, 6.6.7, 6.6.7.1, 6.4.0, 6.4.0.1, 6.4.0.3, 6.4.0.2, 6.4.0.4, 6.4.0.5, 6.4.0.6, 6.4.0.7, 6.4.0.8, 6.4.0.9, 6.4.0.10, 6.4.0.11, 6.4.0.12, 6.4.0.13, 6.4.0.14, 6.4.0.15, 6.4.0.16, 6.4.0.17, 6.7.0, 6.7.0.1, 6.7.0.2, 6.7.0.3, 7.0.0, 7.0.0.1, 7.0.1, 7.0.1.1, 7.0.2, 7.0.2.1, 7.0.3, 7.0.4, 7.0.5, 7.0.6, 7.0.6.1, 7.1.0, 7.1.0.1, 7.1.0.2, 7.1.0.3, 7.2.0, 7.2.0.1, 7.2.1, 7.2.2, 7.2.3, 7.2.4, 7.2.4.1, 7.2.5, 7.2.5.1, 7.3.0, 7.3.1, 7.3.1.1, 7.4.0, 7.4.1
CERTFR-2024-ALE-008;[MàJ] Vulnérabilité dans les produits Check Point  (30 mai 2024);alerte;Thu, 30 May 2024 00:00:00 +0000;CVE-2024-24919;8.6;High;CWE-200;0.943420000;https://www.cert.ssi.gouv.fr/alerte/CERTFR-2024-ALE-008/;Potentially allowing an attacker to read certain information on Check Point Security Gateways once connected to the internet and enabled with remote Access VPN or Mobile Access Software Blades. A Security fix that mitigates this vulnerability is available.;Check Point Quantum Gateway, Spark Gateway and CloudGuard Network;checkpoint;Check Point Quantum Gateway and CloudGuard Network versions R81.20, R81.10, R81, R80.40 and Check Point Spark versions R81.10, R80.20.
CERTFR-2024-ALE-009;Vulnérabilité dans OpenSSH (01 juillet 2024);alerte;Mon, 01 Jul 2024 00:00:00 +0000;CVE-2024-6387;8.1;High;CWE-364;0.507890000;https://www.cert.ssi.gouv.fr/alerte/CERTFR-2024-ALE-009/;A security regression (CVE-2006-5051) was discovered in OpenSSH's server (sshd). There is a race condition which can lead sshd to handle some signals in an unsafe manner. An unauthenticated, remote attacker may be able to trigger it by failing to authenticate within a set time period.;Red Hat Enterprise Linux 9, Red Hat Enterprise Linux 9.0 Update Services for SAP Solutions, Red Hat Enterprise Linux 9.2 Extended Update Support, Red Hat OpenShift Container Platform 4.13, Red Hat OpenShift Container Platform 4.14, Red Hat OpenShift Container Platform 4.15, Red Hat OpenShift Container Platform 4.16, Red Hat Ceph Storage 5, Red Hat Ceph Storage 6, Red Hat Ceph Storage 7, Red Hat Enterprise Linux 10, Red Hat Enterprise Linux 6, Red Hat Enterprise Linux 7, Red Hat Enterprise Linux 8;Red Hat;9.7p1, *
CERTFR-2024-ALE-010;Multiples vulnérabilités dans Roundcube (09 août 2024);alerte;Fri, 09 Aug 2024 00:00:00 +0000;CVE-2024-42008;;Inconnu;Non disponible;0.585730000;https://www.cert.ssi.gouv.fr/alerte/CERTFR-2024-ALE-010/;A Cross-Site Scripting vulnerability in rcmail_action_mail_get->run() in Roundcube through 1.5.7 and 1.6.x through 1.6.7 allows a remote attacker to steal and send emails of a victim via a malicious e-mail attachment served with a dangerous Content-Type header.;n/a;n/a;n/a
CERTFR-2024-ALE-010;Multiples vulnérabilités dans Roundcube (09 août 2024);alerte;Fri, 09 Aug 2024 00:00:00 +0000;CVE-2024-42009;;Inconnu;Non disponible;0.904390000;https://www.cert.ssi.gouv.fr/alerte/CERTFR-2024-ALE-010/;A Cross-Site Scripting vulnerability in Roundcube through 1.5.7 and 1.6.x through 1.6.7 allows a remote attacker to steal and send emails of a victim via a crafted e-mail message that abuses a Desanitization issue in message_body() in program/actions/mail/show.php.;n/a;n/a;n/a
CERTFR-2024-ALE-010;Multiples vulnérabilités dans Roundcube (09 août 2024);alerte;Fri, 09 Aug 2024 00:00:00 +0000;CVE-2024-42010;;Inconnu;Non disponible;0.172540000;https://www.cert.ssi.gouv.fr/alerte/CERTFR-2024-ALE-010/;mod_css_styles in Roundcube through 1.5.7 and 1.6.x through 1.6.7 insufficiently filters Cascading Style Sheets (CSS) token sequences in rendered e-mail messages, allowing a remote attacker to obtain sensitive information.;n/a;n/a;n/a
CERTFR-2024-ALE-011;Vulnérabilité dans SonicWall (10 septembre 2024);alerte;Tue, 10 Sep 2024 00:00:00 +0000;CVE-2024-40766;;Inconnu;CWE-284;0.040210000;https://www.cert.ssi.gouv.fr/alerte/CERTFR-2024-ALE-011/;An improper access control vulnerability has been identified in the SonicWall SonicOS management access, potentially leading to unauthorized resource access and in specific conditions, causing the firewall to crash. This issue affects SonicWall Firewall Gen 5 and Gen 6 devices, as well as Gen 7 devices running SonicOS 7.0.1-5035 and older versions.;SonicOS;SonicWall;5.9.2.14-12o and older versions, 6.5.4.14-109n and older versions, 7.0.1-5035 and older versions
CERTFR-2024-ALE-012;[MàJ] Vulnérabilités affectant OpenPrinting CUPS (27 septembre 2024);alerte;Fri, 27 Sep 2024 00:00:00 +0000;CVE-2024-47176;5.3;Medium;CWE-1327;0.875930000;https://www.cert.ssi.gouv.fr/alerte/CERTFR-2024-ALE-012/;CUPS is a standards-based, open-source printing system, and `cups-browsed` contains network printing functionality including, but not limited to, auto-discovering print services and shared printers. `cups-browsed` binds to `INADDR_ANY:631`, causing it to trust any packet from any source, and can cause the `Get-Printer-Attributes` IPP request to an attacker controlled URL. When combined with other vulnerabilities, such as CVE-2024-47076, CVE-2024-47175, and CVE-2024-47177, an attacker can execute arbitrary commands remotely on the target machine without authentication when a malicious printer is printed to.;cups-browsed;OpenPrinting;<= 2.0.1
CERTFR-2024-ALE-012;[MàJ] Vulnérabilités affectant OpenPrinting CUPS (27 septembre 2024);alerte;Fri, 27 Sep 2024 00:00:00 +0000;CVE-2024-47076;8.6;High;CWE-20;0.738750000;https://www.cert.ssi.gouv.fr/alerte/CERTFR-2024-ALE-012/;CUPS is a standards-based, open-source printing system, and `libcupsfilters` contains the code of the filters of the former `cups-filters` package as library functions to be used for the data format conversion tasks needed in Printer Applications. The `cfGetPrinterAttributes5` function in `libcupsfilters` does not sanitize IPP attributes returned from an IPP server. When these IPP attributes are used, for instance, to generate a PPD file, this can lead to attacker controlled data to be provided to the rest of the CUPS system.;libcupsfilters;OpenPrinting;<= 2.1b1
CERTFR-2024-ALE-012;[MàJ] Vulnérabilités affectant OpenPrinting CUPS (27 septembre 2024);alerte;Fri, 27 Sep 2024 00:00:00 +0000;CVE-2024-47175;8.6;High;CWE-20;0.315290000;https://www.cert.ssi.gouv.fr/alerte/CERTFR-2024-ALE-012/;CUPS is a standards-based, open-source printing system, and `libppd` can be used for legacy PPD file support. The `libppd` function `ppdCreatePPDFromIPP2` does not sanitize IPP attributes when creating the PPD buffer. When used in combination with other functions such as `cfGetPrinterAttributes5`, can result in user controlled input and ultimately code execution via Foomatic. This vulnerability can be part of an exploit chain leading to remote code execution (RCE), as described in CVE-2024-47176.;libppd;OpenPrinting;<= 2.1b1
CERTFR-2024-ALE-012;[MàJ] Vulnérabilités affectant OpenPrinting CUPS (27 septembre 2024);alerte;Fri, 27 Sep 2024 00:00:00 +0000;CVE-2024-47177;;Inconnu;Non disponible;;https://www.cert.ssi.gouv.fr/alerte/CERTFR-2024-ALE-012/;**[Mise à jour du 10 octobre 2024]** Le 28 septembre 2024, Elastic Security Labs a publié des règles de détection au format propriétaire de l'éditeur (cf. section Documentation), qui sont confirmées par les analyses du CERT-FR pour la détection des attaques connues. **[Publication initiale]** De...;;;
CERTFR-2024-ALE-013;Exploitations de vulnérabilités dans Ivanti Cloud Services Appliance (CSA) (22 octobre 2024);alerte;Tue, 22 Oct 2024 00:00:00 +0000;CVE-2024-8190;7.2;High;CWE-78;0.919350000;https://www.cert.ssi.gouv.fr/alerte/CERTFR-2024-ALE-013/;An OS command injection vulnerability in Ivanti Cloud Services Appliance versions 4.6 Patch 518 and before allows a remote authenticated attacker to obtain remote code execution. The attacker must have admin level privileges to exploit this vulnerability.;CSA (Cloud Services Appliance);Ivanti;4.6 Patch 519, 5.0
CERTFR-2024-ALE-013;Exploitations de vulnérabilités dans Ivanti Cloud Services Appliance (CSA) (22 octobre 2024);alerte;Tue, 22 Oct 2024 00:00:00 +0000;CVE-2024-8963;9.4;Critical;CWE-22;0.942250000;https://www.cert.ssi.gouv.fr/alerte/CERTFR-2024-ALE-013/;Path Traversal in the Ivanti CSA before 4.6 Patch 519 allows a remote unauthenticated attacker to access restricted functionality.;CSA (Cloud Services Appliance);Ivanti;4.6 Patch 519, 5.0
CERTFR-2024-ALE-013;Exploitations de vulnérabilités dans Ivanti Cloud Services Appliance (CSA) (22 octobre 2024);alerte;Tue, 22 Oct 2024 00:00:00 +0000;CVE-2024-9380;7.2;High;CWE-77;0.881440000;https://www.cert.ssi.gouv.fr/alerte/CERTFR-2024-ALE-013/;An OS command injection vulnerability in the admin web console of Ivanti CSA before version 5.0.2 allows a remote authenticated attacker with admin privileges to obtain remote code execution.;CSA (Cloud Services Appliance);Ivanti;5.0.2
CERTFR-2024-ALE-014;[MàJ] Multiples vulnérabilités dans Fortinet FortiManager (23 octobre 2024);alerte;Wed, 23 Oct 2024 00:00:00 +0000;CVE-2024-47575;9.8;Critical;CWE-306;0.938460000;https://www.cert.ssi.gouv.fr/alerte/CERTFR-2024-ALE-014/;A missing authentication for critical function in FortiManager 7.6.0, FortiManager 7.4.0 through 7.4.4, FortiManager 7.2.0 through 7.2.7, FortiManager 7.0.0 through 7.0.12, FortiManager 6.4.0 through 6.4.14, FortiManager 6.2.0 through 6.2.12, Fortinet FortiManager Cloud 7.4.1 through 7.4.4, FortiManager Cloud 7.2.1 through 7.2.7, FortiManager Cloud 7.0.1 through 7.0.12, FortiManager Cloud 6.4.1 through 6.4.7 allows attacker to execute arbitrary code or commands via specially crafted requests.;FortiManager;Fortinet;7.6.0, 7.4.4, 7.2.7, 7.0.12, 6.4.14, 6.2.12
CERTFR-2024-ALE-014;[MàJ] Multiples vulnérabilités dans Fortinet FortiManager (23 octobre 2024);alerte;Wed, 23 Oct 2024 00:00:00 +0000;CVE-2024-50566;7.2;High;CWE-78;0.006440000;https://www.cert.ssi.gouv.fr/alerte/CERTFR-2024-ALE-014/;A improper neutralization of special elements used in an os command ('os command injection') in Fortinet FortiManager versions 7.6.0 through 7.6.1, versions 7.4.5 through 7.4.0, and versions 7.2.1 through 7.2.8, FortiManager Cloud versions 7.6.0 through 7.6.1, versions 7.4.0 through 7.4.4, and versions 7.2.2 through 7.2.7 may allow an authenticated remote attacker to execute unauthorized code via FGFM crafted requests.;FortiManager;Fortinet;7.6.1, 7.4.5, 7.2.8
CERTFR-2024-ALE-015;[MàJ] Multiples vulnérabilités sur l'interface d'administration des équipements Palo Alto Networks (15 novembre 2024);alerte;Fri, 15 Nov 2024 00:00:00 +0000;CVE-2024-0012;;Inconnu;CWE-306;0.943000000;https://www.cert.ssi.gouv.fr/alerte/CERTFR-2024-ALE-015/;An authentication bypass in Palo Alto Networks PAN-OS software enables an unauthenticated attacker with network access to the management web interface to gain PAN-OS administrator privileges to perform administrative actions, tamper with the configuration, or exploit other authenticated privilege escalation vulnerabilities like CVE-2024-9474 https://security.paloaltonetworks.com/CVE-2024-9474 . The risk of this issue is greatly reduced if you secure access to the management web interface by restricting access to only trusted internal IP addresses according to our recommended best practice deployment guidelines https://live.paloaltonetworks.com/t5/community-blogs/tips-amp-tricks-how-to-secure-the-management-access-of-your-palo/ba-p/464431 . This issue is applicable only to PAN-OS 10.2, PAN-OS 11.0, PAN-OS 11.1, and PAN-OS 11.2 software. Cloud NGFW and Prisma Access are not impacted by this vulnerability.;Cloud NGFW, PAN-OS, Prisma Access;Palo Alto Networks;All, 11.2.4-h1, 11.1.5-h1, 11.0.6-h1, 10.2.12-h2, 10.1.0
CERTFR-2024-ALE-015;[MàJ] Multiples vulnérabilités sur l'interface d'administration des équipements Palo Alto Networks (15 novembre 2024);alerte;Fri, 15 Nov 2024 00:00:00 +0000;CVE-2024-9474;;Inconnu;CWE-78;0.942230000;https://www.cert.ssi.gouv.fr/alerte/CERTFR-2024-ALE-015/;A privilege escalation vulnerability in Palo Alto Networks PAN-OS software allows a PAN-OS administrator with access to the management web interface to perform actions on the firewall with root privileges. Cloud NGFW and Prisma Access are not impacted by this vulnerability.;Cloud NGFW, PAN-OS, Prisma Access;Palo Alto Networks;All, 11.2.4-h1, 11.1.5-h1, 11.0.6-h1, 10.2.12-h2, 10.1.14-h6
CERTFR-2025-ALE-001;[MàJ] Vulnérabilité dans les produits Ivanti (09 janvier 2025);alerte;Thu, 09 Jan 2025 00:00:00 +0000;CVE-2025-0282;9;Critical;CWE-121;0.941050000;https://www.cert.ssi.gouv.fr/alerte/CERTFR-2025-ALE-001/;A stack-based buffer overflow in Ivanti Connect Secure before version 22.7R2.5, Ivanti Policy Secure before version 22.7R1.2, and Ivanti Neurons for ZTA gateways before version 22.7R2.3 allows a remote unauthenticated attacker to achieve remote code execution.;Connect Secure, Policy Secure, Neurons for ZTA gateways;Ivanti;22.7R2.4, 22.7R2.5, 22.7R1.2, 22.7R2.3
CERTFR-2025-ALE-002;[MàJ] Vulnérabilité dans les produits Fortinet (14 janvier 2025);alerte;Tue, 14 Jan 2025 00:00:00 +0000;CVE-2024-55591;9.6;Critical;CWE-288;0.936610000;https://www.cert.ssi.gouv.fr/alerte/CERTFR-2025-ALE-002/;An Authentication Bypass Using an Alternate Path or Channel vulnerability [CWE-288] affecting FortiOS version 7.0.0 through 7.0.16 and FortiProxy version 7.0.0 through 7.0.19 and 7.2.0 through 7.2.12 allows a remote attacker to gain super-admin privileges via crafted requests to Node.js websocket module.;FortiOS, FortiProxy;Fortinet;7.0.16, 7.2.12, 7.0.19
CERTFR-2025-ALE-003;[MàJ] Vulnérabilité dans les produits Ivanti (03 avril 2025);alerte;Thu, 03 Apr 2025 00:00:00 +0000;CVE-2025-22457;9;Critical;CWE-121;0.491320000;https://www.cert.ssi.gouv.fr/alerte/CERTFR-2025-ALE-003/;A stack-based buffer overflow in Ivanti Connect Secure before version 22.7R2.6, Ivanti Policy Secure before version 22.7R1.4, and Ivanti ZTA Gateways before version 22.8R2.2 allows a remote unauthenticated attacker to achieve remote code execution.;Connect Secure, Policy Secure, Neurons for ZTA gateways;Ivanti;22.7R2.6, 22.7R1.4, 22.8R2.2
CERTFR-2025-ALE-004;Activités de post-exploitation dans Fortinet FortiGate (11 avril 2025);alerte;Fri, 11 Apr 2025 00:00:00 +0000;;;;;;https://www.cert.ssi.gouv.fr/alerte/CERTFR-2025-ALE-004/;Fortinet a publié le 10 avril 2025 un billet de blogue [1] indiquant l'utilisation d'une technique de post-exploitation qui permet une atteinte à la confidentialité des données de l'ensemble du système des équipements Fortigate affectés. Cette technique repose sur l'utilisation d'un lien...;;;
CERTFR-2025-ALE-005;Vulnérabilité dans SAP NetWeaver (28 avril 2025);alerte;Mon, 28 Apr 2025 00:00:00 +0000;CVE-2025-31324;10;Critical;CWE-434;0.387270000;https://www.cert.ssi.gouv.fr/alerte/CERTFR-2025-ALE-005/;SAP NetWeaver Visual Composer Metadata Uploader is not protected with a proper authorization, allowing unauthenticated agent to upload potentially malicious executable binaries that could severely harm the host system. This could significantly affect the confidentiality, integrity, and availability of the targeted system.;SAP NetWeaver (Visual Composer development server);SAP_SE;VCFRAMEWORK 7.50
CERTFR-2025-ALE-006;Vulnérabilité dans les produits Fortinet (13 mai 2025);alerte;Tue, 13 May 2025 00:00:00 +0000;CVE-2025-32756;9.6;Critical;CWE-121;0.137810000;https://www.cert.ssi.gouv.fr/alerte/CERTFR-2025-ALE-006/;A stack-based buffer overflow vulnerability [CWE-121] in Fortinet FortiVoice versions 7.2.0, 7.0.0 through 7.0.6, 6.4.0 through 6.4.10, FortiRecorder versions 7.2.0 through 7.2.3, 7.0.0 through 7.0.5, 6.4.0 through 6.4.5, FortiMail versions 7.6.0 through 7.6.2, 7.4.0 through 7.4.4, 7.2.0 through 7.2.7, 7.0.0 through 7.0.8, FortiNDR versions 7.6.0, 7.4.0 through 7.4.7, 7.2.0 through 7.2.4, 7.0.0 through 7.0.6, FortiCamera versions 2.1.0 through 2.1.3, 2.0 all versions, 1.1 all versions, allows a remote unauthenticated attacker to execute arbitrary code or commands via sending HTTP requests with specially crafted hash cookie.;FortiVoice, FortiRecorder, FortiMail, FortiNDR, FortiCamera;Fortinet;7.2.0, 7.0.6, 6.4.10, 7.2.3, 7.0.5, 6.4.5, 7.6.2, 7.4.4, 7.2.7, 7.0.8, 7.6.0, 7.4.7, 7.2.4, 7.1.1, 1.5.3, 1.4.0, 1.3.1, 1.2.0, 1.1.0, 2.1.3, 2.0.0, 1.1.5
CERTFR-2025-ALE-007;Multiples vulnérabilités dans Ivanti Endpoint Manager Mobile (EPMM) (14 mai 2025);alerte;Wed, 14 May 2025 00:00:00 +0000;CVE-2025-4427;5.3;Medium;CWE-288;0.914010000;https://www.cert.ssi.gouv.fr/alerte/CERTFR-2025-ALE-007/;An authentication bypass in the API component of Ivanti Endpoint Manager Mobile 12.5.0.0 and prior allows attackers to access protected resources without proper credentials via the API.;Endpoint Manager Mobile;Ivanti;12.5.0.1
CERTFR-2025-ALE-007;Multiples vulnérabilités dans Ivanti Endpoint Manager Mobile (EPMM) (14 mai 2025);alerte;Wed, 14 May 2025 00:00:00 +0000;CVE-2025-4428;7.2;High;CWE-94;0.568530000;https://www.cert.ssi.gouv.fr/alerte/CERTFR-2025-ALE-007/;Remote Code Execution in API component in Ivanti Endpoint Manager Mobile 12.5.0.0 and prior on unspecified platforms allows authenticated attackers to execute arbitrary code via crafted API requests.;Endpoint Manager Mobile;Ivanti;12.5.0.1
CERTFR-2025-ALE-008;[MàJ] Vulnérabilité dans Roundcube (05 juin 2025);alerte;Thu, 05 Jun 2025 00:00:00 +0000;CVE-2025-49113;9.9;Critical;CWE-502;0.918350000;https://www.cert.ssi.gouv.fr/alerte/CERTFR-2025-ALE-008/;Roundcube Webmail before 1.5.10 and 1.6.x before 1.6.11 allows remote code execution by authenticated users because the _from parameter in a URL is not validated in program/actions/settings/upload.php, leading to PHP Object Deserialization.;Webmail;Roundcube;1.5.10, 1.6.11
CERTFR-2025-ALE-009;Multiples vulnérabilités dans Citrix NetScaler ADC et NetScaler Gateway (01 juillet 2025);alerte;Tue, 01 Jul 2025 00:00:00 +0000;CVE-2025-6543;;Inconnu;CWE-119;0.030480000;https://www.cert.ssi.gouv.fr/alerte/CERTFR-2025-ALE-009/;Memory overflow vulnerability leading to unintended control flow and Denial of Service in NetScaler ADC and NetScaler Gateway when configured as Gateway (VPN virtual server, ICA Proxy, CVPN, RDP Proxy) OR AAA virtual server;ADC, Gateway;NetScaler;47.46, 59.19, 37.236
CERTFR-2025-ALE-009;Multiples vulnérabilités dans Citrix NetScaler ADC et NetScaler Gateway (01 juillet 2025);alerte;Tue, 01 Jul 2025 00:00:00 +0000;CVE-2025-5777;;Inconnu;CWE-125;0.772050000;https://www.cert.ssi.gouv.fr/alerte/CERTFR-2025-ALE-009/;Insufficient input validation leading to memory overread when the NetScaler is configured as a Gateway (VPN virtual server, ICA Proxy, CVPN, RDP Proxy) OR AAA virtual server;ADC, Gateway;NetScaler;43.56, 58.32
CERTFR-2025-ALE-010;[MàJ] Multiples vulnérabilités dans Microsoft SharePoint (21 juillet 2025);alerte;Mon, 21 Jul 2025 00:00:00 +0000;CVE-2025-53770;9.8;Critical;CWE-502;0.896070000;https://www.cert.ssi.gouv.fr/alerte/CERTFR-2025-ALE-010/;Deserialization of untrusted data in on-premises Microsoft SharePoint Server allows an unauthorized attacker to execute code over a network. Microsoft is aware that an exploit for CVE-2025-53770 exists in the wild. Microsoft is preparing and fully testing a comprehensive update to address this vulnerability. In the meantime, please make sure that the mitigation provided in this CVE documentation is in place so that you are protected from exploitation.;Microsoft SharePoint Enterprise Server 2016, Microsoft SharePoint Server 2019, Microsoft SharePoint Server Subscription Edition;Microsoft;16.0.5513.1001, 16.0.10417.20037, 16.0.18526.20508
CERTFR-2025-ALE-010;[MàJ] Multiples vulnérabilités dans Microsoft SharePoint (21 juillet 2025);alerte;Mon, 21 Jul 2025 00:00:00 +0000;CVE-2025-53771;6.5;Medium;CWE-287;0.444170000;https://www.cert.ssi.gouv.fr/alerte/CERTFR-2025-ALE-010/;Improper authentication in Microsoft Office SharePoint allows an unauthorized attacker to perform spoofing over a network.;Microsoft SharePoint Enterprise Server 2016, Microsoft SharePoint Server 2019, Microsoft SharePoint Server Subscription Edition;Microsoft;16.0.5513.1001, 16.0.10417.20037, 16.0.18526.20508
CERTFR-2025-ALE-011;Incidents de sécurité dans les pare-feux SonicWall (05 août 2025);alerte;Tue, 05 Aug 2025 00:00:00 +0000;;;;;;https://www.cert.ssi.gouv.fr/alerte/CERTFR-2025-ALE-011/;[Mise à jour du 7 août 2025] Le 6 août 2025, SonicWall a remplacé une partie de son communiqué initial pour indiquer que les incidents de sécurité évoqués étaient vraisemblablement corrélés à la vulnérabilité CVE-2024-40766. Celle-ci a fait l'objet d'un bulletin de sécurité, SNWLID-2024-0015 (cf....;;;
CERTFR-2025-ALE-012;Vulnérabilité dans Citrix NetScaler ADC et NetScaler Gateway (26 août 2025);alerte;Tue, 26 Aug 2025 00:00:00 +0000;CVE-2025-7775;;Inconnu;CWE-119;0.180050000;https://www.cert.ssi.gouv.fr/alerte/CERTFR-2025-ALE-012/;Memory overflow vulnerability leading to Remote Code Execution and/or Denial of Service in NetScaler ADC and NetScaler Gateway when NetScaler is configured as Gateway (VPN virtual server, ICA Proxy, CVPN, RDP Proxy) or AAA virtual server (OR) NetScaler ADC and NetScaler Gateway 13.1, 14.1, 13.1-FIPS and NDcPP: LB virtual servers of type (HTTP, SSL or HTTP_QUIC) bound with IPv6 services or servicegroups bound with IPv6 servers (OR) NetScaler ADC and NetScaler Gateway 13.1, 14.1, 13.1-FIPS and NDcPP: LB virtual servers of type (HTTP, SSL or HTTP_QUIC) bound with DBS IPv6 services or servicegroups bound with IPv6 DBS servers (OR) CR virtual server with type HDX;ADC, Gateway;NetScaler;47.48, 59.22, 37.241, 55.330
CERTFR-2025-ALE-013;[MàJ] Multiples vulnérabilités dans Cisco ASA et FTD (25 septembre 2025);alerte;Thu, 25 Sep 2025 00:00:00 +0000;CVE-2025-20333;9.9;Critical;CWE-120;0.086710000;https://www.cert.ssi.gouv.fr/alerte/CERTFR-2025-ALE-013/;A vulnerability in the VPN web server of Cisco Secure Firewall Adaptive Security Appliance (ASA) Software and Cisco Secure Firewall Threat Defense (FTD) Software could allow an authenticated, remote attacker to execute arbitrary code on an affected device. This vulnerability is due to improper validation of user-supplied input in HTTP(S) requests. An attacker with valid VPN user credentials could exploit this vulnerability by sending crafted HTTP requests to an affected device. A successful exploit could allow the attacker to execute arbitrary code as root, possibly resulting in the complete compromise of the affected device.;Cisco Secure Firewall Adaptive Security Appliance (ASA) Software, Cisco Secure Firewall Threat Defense (FTD) Software;Cisco;9.8.1, 9.8.1.5, 9.8.1.7, 9.8.2, 9.8.2.8, 9.8.2.14, 9.8.2.15, 9.8.2.17, 9.8.2.20, 9.8.2.24, 9.8.2.26, 9.8.2.28, 9.8.2.33, 9.8.2.35, 9.8.2.38, 9.8.3.8, 9.8.3.11, 9.8.3.14, 9.8.3.16, 9.8.3.18, 9.8.3.21, 9.8.3, 9.8.3.26, 9.8.3.29, 9.8.4, 9.8.4.3, 9.8.4.7, 9.8.4.8, 9.8.4.10, 9.8.4.12, 9.8.4.15, 9.8.4.17, 9.8.2.45, 9.8.4.25, 9.8.4.20, 9.8.4.22, 9.8.4.26, 9.8.4.29, 9.8.4.32, 9.8.4.33, 9.8.4.34, 9.8.4.35, 9.8.4.39, 9.8.4.40, 9.8.4.41, 9.8.4.43, 9.8.4.44, 9.8.4.45, 9.8.4.46, 9.8.4.48, 9.12.1, 9.12.1.2, 9.12.1.3, 9.12.2, 9.12.2.4, 9.12.2.5, 9.12.2.9, 9.12.3, 9.12.3.2, 9.12.3.7, 9.12.4, 9.12.3.12, 9.12.3.9, 9.12.2.1, 9.12.4.2, 9.12.4.4, 9.12.4.7, 9.12.4.10, 9.12.4.13, 9.12.4.8, 9.12.4.18, 9.12.4.24, 9.12.4.26, 9.12.4.29, 9.12.4.30, 9.12.4.35, 9.12.4.37, 9.12.4.38, 9.12.4.39, 9.12.4.40, 9.12.4.41, 9.12.4.47, 9.12.4.48, 9.12.4.50, 9.12.4.52, 9.12.4.54, 9.12.4.55, 9.12.4.56, 9.12.4.58, 9.12.4.62, 9.12.4.65, 9.12.4.67, 9.14.1, 9.14.1.10, 9.14.1.6, 9.14.1.15, 9.14.1.19, 9.14.1.30, 9.14.2, 9.14.2.4, 9.14.2.8, 9.14.2.13, 9.14.2.15, 9.14.3, 9.14.3.1, 9.14.3.9, 9.14.3.11, 9.14.3.13, 9.14.3.18, 9.14.3.15, 9.14.4, 9.14.4.6, 9.14.4.7, 9.14.4.12, 9.14.4.13, 9.14.4.14, 9.14.4.15, 9.14.4.17, 9.14.4.22, 9.14.4.23, 9.14.4.24, 9.16.1, 9.16.1.28, 9.16.2, 9.16.2.3, 9.16.2.7, 9.16.2.11, 9.16.2.13, 9.16.2.14, 9.16.3, 9.16.3.3, 9.16.3.14, 9.16.3.15, 9.16.3.19, 9.16.3.23, 9.16.4, 9.16.4.9, 9.16.4.14, 9.16.4.18, 9.16.4.19, 9.16.4.27, 9.16.4.38, 9.16.4.39, 9.16.4.42, 9.16.4.48, 9.16.4.55, 9.16.4.57, 9.16.4.61, 9.16.4.62, 9.16.4.67, 9.16.4.70, 9.16.4.71, 9.16.4.76, 9.16.4.82, 9.16.4.84, 9.17.1, 9.17.1.7, 9.17.1.9, 9.17.1.10, 9.17.1.11, 9.17.1.13, 9.17.1.15, 9.17.1.20, 9.17.1.30, 9.17.1.33, 9.17.1.39, 9.18.1, 9.18.1.3, 9.18.2, 9.18.2.5, 9.18.2.7, 9.18.2.8, 9.18.3, 9.18.3.39, 9.18.3.46, 9.18.3.53, 9.18.3.55, 9.18.3.56, 9.18.4, 9.18.4.5, 9.18.4.8, 9.18.4.22, 9.18.4.24, 9.18.4.29, 9.18.4.34, 9.18.4.40, 9.19.1, 9.19.1.5, 9.19.1.9, 9.19.1.12, 9.19.1.18, 9.19.1.22, 9.19.1.24, 9.19.1.27, 9.19.1.28, 9.19.1.31, 9.20.1, 9.20.1.5, 9.20.2, 9.20.2.10, 9.20.2.21, 9.20.2.22, 9.20.3, 9.20.3.4, 9.22.1.1, 9.22.1.2, 6.2.3, 6.2.3.1, 6.2.3.2, 6.2.3.3, 6.2.3.4, 6.2.3.5, 6.2.3.6, 6.2.3.7, 6.2.3.8, 6.2.3.10, 6.2.3.11, 6.2.3.9, 6.2.3.12, 6.2.3.13, 6.2.3.14, 6.2.3.15, 6.2.3.16, 6.2.3.17, 6.2.3.18, 6.6.0, 6.6.0.1, 6.6.1, 6.6.3, 6.6.4, 6.6.5, 6.6.5.1, 6.6.5.2, 6.6.7, 6.6.7.1, 6.6.7.2, 6.4.0, 6.4.0.1, 6.4.0.3, 6.4.0.2, 6.4.0.4, 6.4.0.5, 6.4.0.6, 6.4.0.7, 6.4.0.8, 6.4.0.9, 6.4.0.10, 6.4.0.11, 6.4.0.12, 6.4.0.13, 6.4.0.14, 6.4.0.15, 6.4.0.16, 6.4.0.17, 6.4.0.18, 7.0.0, 7.0.0.1, 7.0.1, 7.0.1.1, 7.0.2, 7.0.2.1, 7.0.3, 7.0.4, 7.0.5, 7.0.6, 7.0.6.1, 7.0.6.2, 7.0.6.3, 7.0.7, 7.0.8, 7.1.0, 7.1.0.1, 7.1.0.2, 7.1.0.3, 7.2.0, 7.2.0.1, 7.2.1, 7.2.2, 7.2.3, 7.2.4, 7.2.4.1, 7.2.5, 7.2.5.1, 7.2.6, 7.2.7, 7.2.5.2, 7.2.8, 7.2.8.1, 7.3.0, 7.3.1, 7.3.1.1, 7.3.1.2, 7.4.0, 7.4.1, 7.4.1.1, 7.4.2, 7.4.2.1, 7.4.2.2, 7.4.2.3, 7.6.0
CERTFR-2025-ALE-013;[MàJ] Multiples vulnérabilités dans Cisco ASA et FTD (25 septembre 2025);alerte;Thu, 25 Sep 2025 00:00:00 +0000;CVE-2025-20362;6.5;Medium;CWE-862;0.421890000;https://www.cert.ssi.gouv.fr/alerte/CERTFR-2025-ALE-013/;"Update: On November 5, 2025, Cisco became aware of a new attack variant against devices running Cisco Secure ASA Software or Cisco Secure FTD Software releases that are affected by CVE-2025-20333 and CVE-2025-20362. This attack can cause unpatched devices to unexpectedly reload, leading to denial of service (DoS) conditions. Cisco strongly recommends that all customers upgrade to the fixed software releases that are listed in the Fixed Software [""#fs""] section of this advisory. A vulnerability in the VPN web server of Cisco Secure Firewall Adaptive Security Appliance (ASA) Software and Cisco Secure Firewall Threat Defense (FTD) Software could allow an unauthenticated, remote attacker to access restricted URL endpoints that are related to remote access VPN that should otherwise be inaccessible without authentication. This vulnerability is due to improper validation of user-supplied input in HTTP(S) requests. An attacker could exploit this vulnerability by sending crafted HTTP requests to a targeted web server on a device. A successful exploit could allow the attacker to access a restricted URL without authentication.";Cisco Secure Firewall Adaptive Security Appliance (ASA) Software, Cisco Secure Firewall Threat Defense (FTD) Software;Cisco;9.8.1, 9.8.1.5, 9.8.1.7, 9.8.2, 9.8.2.8, 9.8.2.14, 9.8.2.15, 9.8.2.17, 9.8.2.20, 9.8.2.24, 9.8.2.26, 9.8.2.28, 9.8.2.33, 9.8.2.35, 9.8.2.38, 9.8.3.8, 9.8.3.11, 9.8.3.14, 9.8.3.16, 9.8.3.18, 9.8.3.21, 9.8.3, 9.8.3.26, 9.8.3.29, 9.8.4, 9.8.4.3, 9.8.4.7, 9.8.4.8, 9.8.4.10, 9.8.4.12, 9.8.4.15, 9.8.4.17, 9.8.2.45, 9.8.4.25, 9.8.4.20, 9.8.4.22, 9.8.4.26, 9.8.4.29, 9.8.4.32, 9.8.4.33, 9.8.4.34, 9.8.4.35, 9.8.4.39, 9.8.4.40, 9.8.4.41, 9.8.4.43, 9.8.4.44, 9.8.4.45, 9.8.4.46, 9.8.4.48, 9.12.1, 9.12.1.2, 9.12.1.3, 9.12.2, 9.12.2.4, 9.12.2.5, 9.12.2.9, 9.12.3, 9.12.3.2, 9.12.3.7, 9.12.4, 9.12.3.12, 9.12.3.9, 9.12.2.1, 9.12.4.2, 9.12.4.4, 9.12.4.7, 9.12.4.10, 9.12.4.13, 9.12.4.8, 9.12.4.18, 9.12.4.24, 9.12.4.26, 9.12.4.29, 9.12.4.30, 9.12.4.35, 9.12.4.37, 9.12.4.38, 9.12.4.39, 9.12.4.40, 9.12.4.41, 9.12.4.47, 9.12.4.48, 9.12.4.50, 9.12.4.52, 9.12.4.54, 9.12.4.55, 9.12.4.56, 9.12.4.58, 9.12.4.62, 9.12.4.65, 9.12.4.67, 9.14.1, 9.14.1.10, 9.14.1.6, 9.14.1.15, 9.14.1.19, 9.14.1.30, 9.14.2, 9.14.2.4, 9.14.2.8, 9.14.2.13, 9.14.2.15, 9.14.3, 9.14.3.1, 9.14.3.9, 9.14.3.11, 9.14.3.13, 9.14.3.18, 9.14.3.15, 9.14.4, 9.14.4.6, 9.14.4.7, 9.14.4.12, 9.14.4.13, 9.14.4.14, 9.14.4.15, 9.14.4.17, 9.14.4.22, 9.14.4.23, 9.14.4.24, 9.16.1, 9.16.1.28, 9.16.2, 9.16.2.3, 9.16.2.7, 9.16.2.11, 9.16.2.13, 9.16.2.14, 9.16.3, 9.16.3.3, 9.16.3.14, 9.16.3.15, 9.16.3.19, 9.16.3.23, 9.16.4, 9.16.4.9, 9.16.4.14, 9.16.4.18, 9.16.4.19, 9.16.4.27, 9.16.4.38, 9.16.4.39, 9.16.4.42, 9.16.4.48, 9.16.4.55, 9.16.4.57, 9.16.4.61, 9.16.4.62, 9.16.4.67, 9.16.4.70, 9.16.4.71, 9.16.4.76, 9.16.4.82, 9.16.4.84, 9.17.1, 9.17.1.7, 9.17.1.9, 9.17.1.10, 9.17.1.11, 9.17.1.13, 9.17.1.15, 9.17.1.20, 9.17.1.30, 9.17.1.33, 9.17.1.39, 9.17.1.45, 9.17.1.46, 9.18.1, 9.18.1.3, 9.18.2, 9.18.2.5, 9.18.2.7, 9.18.2.8, 9.18.3, 9.18.3.39, 9.18.3.46, 9.18.3.53, 9.18.3.55, 9.18.3.56, 9.18.4, 9.18.4.5, 9.18.4.8, 9.18.4.22, 9.18.4.24, 9.18.4.29, 9.18.4.34, 9.18.4.40, 9.18.4.47, 9.18.4.50, 9.18.4.52, 9.18.4.53, 9.18.4.57, 9.18.4.66, 9.19.1, 9.19.1.5, 9.19.1.9, 9.19.1.12, 9.19.1.18, 9.19.1.22, 9.19.1.24, 9.19.1.27, 9.19.1.28, 9.19.1.31, 9.19.1.37, 9.19.1.38, 9.19.1.42, 9.20.1, 9.20.1.5, 9.20.2, 9.20.2.10, 9.20.2.21, 9.20.2.22, 9.20.3, 9.20.3.4, 9.20.3.7, 9.20.3.9, 9.20.3.10, 9.20.3.13, 9.20.3.16, 9.20.3.20, 9.20.4, 9.20.4.7, 9.22.1.1, 9.22.1.3, 9.22.1.2, 9.22.1.6, 9.22.2, 9.22.2.4, 9.22.2.9, 9.22.2.13, 9.23.1, 9.23.1.3, 9.23.1.7, 9.23.1.13, 6.2.3, 6.2.3.1, 6.2.3.2, 6.2.3.3, 6.2.3.4, 6.2.3.5, 6.2.3.6, 6.2.3.7, 6.2.3.8, 6.2.3.10, 6.2.3.11, 6.2.3.9, 6.2.3.12, 6.2.3.13, 6.2.3.14, 6.2.3.15, 6.2.3.16, 6.2.3.17, 6.2.3.18, 6.6.0, 6.6.0.1, 6.6.1, 6.6.3, 6.6.4, 6.6.5, 6.6.5.1, 6.6.5.2, 6.6.7, 6.6.7.1, 6.6.7.2, 6.4.0, 6.4.0.1, 6.4.0.3, 6.4.0.2, 6.4.0.4, 6.4.0.5, 6.4.0.6, 6.4.0.7, 6.4.0.8, 6.4.0.9, 6.4.0.10, 6.4.0.11, 6.4.0.12, 6.4.0.13, 6.4.0.14, 6.4.0.15, 6.4.0.16, 6.4.0.17, 6.4.0.18, 7.0.0, 7.0.0.1, 7.0.1, 7.0.1.1, 7.0.2, 7.0.2.1, 7.0.3, 7.0.4, 7.0.5, 7.0.6, 7.0.6.1, 7.0.6.2, 7.0.6.3, 7.0.7, 7.0.8, 7.1.0, 7.1.0.1, 7.1.0.2, 7.1.0.3, 7.2.0, 7.2.0.1, 7.2.1, 7.2.2, 7.2.3, 7.2.4, 7.2.4.1, 7.2.5, 7.2.5.1, 7.2.6, 7.2.7, 7.2.5.2, 7.2.8, 7.2.8.1, 7.2.9, 7.2.10, 7.3.0, 7.3.1, 7.3.1.1, 7.3.1.2, 7.4.0, 7.4.1, 7.4.1.1, 7.4.2, 7.4.2.1, 7.4.2.2, 7.4.2.3, 7.6.0, 7.6.1, 7.6.2, 7.7.0, 7.7.10
CERTFR-2025-ALE-014;[MàJ] Vulnérabilité dans React Server Components (05 décembre 2025);alerte;Fri, 05 Dec 2025 00:00:00 +0000;CVE-2025-55182;10;Critical;Non disponible;0.623270000;https://www.cert.ssi.gouv.fr/alerte/CERTFR-2025-ALE-014/;A pre-authentication remote code execution vulnerability exists in React Server Components versions 19.0.0, 19.1.0, 19.1.1, and 19.2.0 including the following packages: react-server-dom-parcel, react-server-dom-turbopack, and react-server-dom-webpack. The vulnerable code unsafely deserializes payloads from HTTP requests to Server Function endpoints.;react-server-dom-webpack, react-server-dom-turbopack, react-server-dom-parcel;Meta;19.0.0, 19.1.1, 19.2.0
CERTFR-2025-ALE-014;[MàJ] Vulnérabilité dans React Server Components (05 décembre 2025);alerte;Fri, 05 Dec 2025 00:00:00 +0000;CVE-2025-66478;;Inconnu;Non disponible;;https://www.cert.ssi.gouv.fr/alerte/CERTFR-2025-ALE-014/;**[Mise à jour du 11 décembre 2025]** Le CERT-FR a connaissance de multiples exploitations de la vulnérabilité CVE-2025-55182. Les serveurs avec une version vulnérable exposés après la publication des preuves de concept publiques du 5 décembre 2025 doivent être considérés comme compromis....;;;
